id,label
003062561,7 Β¶ ππ‘πΌ π‘„π© π‘„π°π» πΈπ°πΌ π‘π©πΌ πΈπ¬π‘πΌ π±π‘ π–π¨π‘†π²π‘… π‘π―πΌ
0061360b6,π‘€π©π‘πΌ π²π‘„π―π‘‰ π»π­.
00ff2b57f,πΏπ®π‘ π·π­: π°π‘πΌ π· π‘‡π°π‘ πΊ πΈπ©π»π―πΌ π±π‘‚ π«π‘ π‘π©π‘‡π²π‘π‘† π‘π«π‘‰ π‘‹π΄ π‘π©π‘‹π‘† π‘…π©πΏ.
016020475,π°π‘πΌ π‘€π°π‘„π―π‘‰πΌ π²π‘π»π­ πΈπ®π‘‹ π‘„ πΈπ¬π‘ πΊπ°π‘πΌ π±π‘‚ π‘…π°π‘πΎπ―π‘‰.
017775890,π‘„πµ π‘π²π‘ƒπ®π‘? πΈπ¶π±π» π®π‘† π®π» πΈπ¶π®π½ π‘„π¨π‘† π¶π®π»π‘π―π‘… π°π‘€π―π‘π‘…π» π‘„?
019960d1a,"π‘„π΄ π½π®π‘πΌπ‘‰π―π‘ π»π³π‘€π―π‘„π―π‘‰, π¨π‘‚π‘ π°π‘† π πΈπ―π‘ π‘€π°π‘„π―π‘‰π―π‘ƒ πΈπ²π‘‰ π½π®πΏπ―π‘π‘† π²π‘πΌπ―π‘‰ πΈπ²π‘‰"
01c12958b,"π‘…π©π®π‘π‘†, πΈπ¨ π‘…π―πΌ π²π‘π»π­ πΈπ®π‘† πΌπ®π‘…π΄πΉπ‘π‘†,"
01e39a691,π‘π®π‘‚π―π‘‰ πΈπ®π‘‹ π²π‘π»π­ π·π­? ππ‘πΌ π‘„π© πΏπ²π‘‚π¨π‘π²π‘π»π―πΌ π¶π®π‘„ πΈπ®π‘‹ π‘π«π‘‰ π‘ƒπ²π‘‰π»π® πΉπ¨π‘…π―π‘†
024c18d87,"π‘„ π‘π²π‘‰π‘…π» πΌπ© π±π‘‚ π‘„ π¶π¨πΏ, πΏπ©π‘‹ π£π©π‘‰π® π°π‘€πΌπ°π‘π¨π‘π¨ π°π‘πΌ π‘„ π²π‘„π―π‘‰"
024c39dea,πΌπ²π‘‰π‘…π» π―π‘π® π‘‹π°π‘ π‘π‘‰π±π‘‹ π‘„π°π» πΌπ© π‘π¬π‘‰π‘ƒ ππ‘…πΏ πΈπ®π‘‹ π―π‘π® π‘‹π¬π‘‰ πΏπ¶π―π‘…π»π·π²π‘π‘†.
029290d88,π‘π‘π―πΌ.
02d9ac6f2,"π°π‘πΌ πΌπ¨πΉππ‘‰π»π―πΌ,"
02dd0ee3d,"π‘ƒπ²π‘‰π‘…π»π®, π°π‘πΌ π· π‘€π©π‘‚ π‘‹π¨ πΌπ‘‰π®π‘πΏ: π π¶π±π‘† π π‘…π»π‘‰π©π‘πΎπ―π‘‰ π°π‘πΌ π· π»π³πΏ π‘‹π¨ π®π‘:"
031918c4c,πΏπ²π‘‹π®π‘ π±π‘‚ π‘„ ππ²π‘ π±π‘‚ π‘‹π°π‘ πΊ.
031fa3d19,"π‘„ π½π¨π‘ πΉπ‘‰π¨π‘…π»π‘… π°π‘πΌ π™π°π‘‰π®π‘…π¨π‘† πΏπ©π‘‹ π»π³π‘€π―π‘„π―π‘‰ π²π‘π»π­ π‘π΄π‘π²π»,"
0330cb749,"21 ππ‘πΌ, πΊπ¨πΈπ¬π‘πΌ, π¶π²π‘ π±π‘‚ π‘„π―π‘‹ πΈπ¶π®π½ π¶π²π‘‰ π¶π®π‘„ π–π¨π‘†π²π‘…"
034bb25be,"29 π™π«π‘‰ π²π‘π»π­ π―π‘‚π―π‘‰π® π¶π²π‘ π‘„π°π» πΈπ°π‘ƒ π‘‡π°π‘ πΊ π‘€π®π‘‚π‘, π°π‘πΌ πΈπ¨"
0351bb013,"πΈπ®π‘‹ π πΏπ¶π―π‘…π»π·π²π‘, π»π―π‘‹πΉπ»π®π‘ πΈπ®π‘‹, π°π‘πΌ π‘…π©π®π‘,"
0371eee24,"5 ππ‘πΌ πΈπ¨ πΏππ‘…π» πΌπµπ‘ π‘„ πΉπ¨π‘…π―π‘† π±π‘‚ π‘…π®π‘π‘‚π―π‘‰ π®π‘ π‘„ π»π―π‘‹πΉπ‘,"
03d36dbc7,"π―π‘‰π‘π²π‘‰ ππ‘…πΏπ» πΈπ®π‘‹, π‘…π©π®π‘, π‚π‘‰π» π‘„πµ π‘„ π—π®π‘ π±π‘‚ π‘„ π–π®π­π‘†? ππ‘πΌ"
042274d63,"π‘€π‘‰π©π»π‘π®, π‘…π©π®π‘, π“π‘‰π­π‘π® π‘„π®π‘… π¶π±π‘† π‘„ ππ²π‘ π±π‘‚ ππ±πΌ."
048c6246b,"31 ππ―π‘ π‘…π―π‘ƒ π–π¨π‘†π²π‘… π²π‘π»π­ π‘„π―π‘‹, πƒπ‘ π· π‘‡π°π‘ πΊ π²π‘π―π‘πΌπ―πΌ"
04cc0bfac,"19 ππ‘πΌ π¶π¬ π²π‘π»π­ π‘„π―π‘‹ π‘„π°π» ππ‘‰ π¶π®π‘„ π½π΄π‘πΌ, π°π‘πΌ π»π­ π‘„π―π‘‹"
054064a1f,π‘„π°π» πΈπ¶π®π½ πΈπ¨ πΈπ°π‘ƒ.
058048e26,4 ππ©π‘‰π‘π¬π‘‰ πΊ π· π«π‘π‘…π¬ π‘‰π―πΌπ®: π‘π«π‘‰ π®π‘ π‘…π²π½ π°π‘ π«π‘‰ π°π‘† π·
05dfb54ea,"21 ππ© π‘…π© π²π‘π»π­ πΈπ®π‘‹, ππ¨π‘†π²π‘‰ π‘†. ππ―π‘ π‘…π―π‘ƒπ‘ πΈπ¨"
068e973f5,"π«π‘ π‘„π΄ πΈππ‘‰π», π°π‘πΌ π¶π®π‘„ π«π‘ π‘„π΄ π‘…π¬π‘, π°π‘πΌ π¶π®π‘„ π«π‘ π‘„π΄ π‘‹π΄π‘πΌ."
06b23efbb,π‘…π¨ π‘„ πΉπ‘π©π‘… πΈπ¶π©π‘‰ π‘„ πΆπ«π‘‰πΌ π‘π©.
06f65867d,"46 ππ‘πΌ π°πΊπµπ» π‘„ π‘π΄π‘π‘ƒ πµπ‘‰ π–π¨π‘†π²π‘… πΏπ‘‰π΄πΌ π¶π®π‘„ π π‘πµπΌ π‘‚π±π®π‘…,"
07c1d0622,16 ππ‘πΌ π‘π‘‰π±π‘‹ π‘„π°π» π»π΄π‘‹ πΈπ¨ π‘…π«π» π±πΉπ²π‘‰π»π®π­π‘π®π»π® π»π­ πΊπ¨π»π‘‰π®=
086402e07,π®π‘† πΊπ‘‰π©πΌ π®π‘π»π­ π‘„ πΈπ°π‘πΌπ‘† π·π‘‚ π‘…π®π‘π―π‘‰π‘†.
0893ce8a3,"35 π‘π¨π»π―π‘‰ π‘…π―πΌ π²π‘π»π­ πΈπ®π‘‹, ππ¬ π π‘‡π³πΌ πΌπ΄ π¶π®π‘„ π‘„, π·π―π» π¶π®π‘"
089983202,π²πΉπ‘‰π¬π‘‰ π°π‘‹π²π‘ π‘„ πΉπ¨πΉπ‘.
08c58cb32,"π°π‘πΌ π‘„π©π‘‰ π‘‡π°π‘ πΊ π‘π°π‘‹π®π‘π‘†, π°π‘πΌ π»π―π‘…π»π®π‘π―π‘π‘…π―π‘†, π°π‘πΌ π²π‘‰π‘ƒπΏπ¶π©πΏπ‘…, π®π‘ πΌπ΄π‘‚π―π‘‰π‘† π‘π©π‘…π―π‘‰"
09407514e,π‘π¬ π·π­ π‘π±π».
09ab40929,πΏπ°π‘‹π―π‘.
0a398ff30,πΉπ‘‰π© π·π²π‘πΌπ―π‘‰.
0a45abf1b,"36 π¤π©πΏπ―πΌ, π°π‘πΌ π· πΏπ‘π¬π‘„πΌ π‘‹π¨: π π¶π±π‘† π‘…π®πΏ, π°π‘πΌ π· π‘‚π®π‘†π®π»"
0a51e7e0f,π°π‘πΌ πΏπ®π‘ πΈπ®π‘‹.
0a52a5f62,π‘‹π°π‘ πΏπ²π‘‹π®π‘ π®π‘ π‘„ πΏπ‘πµπΌπ‘† π±π‘‚ πΈπ―π‘‚π‘ π¶π®π‘„ πΉπµπ‘‰ π°π‘πΌ π‘€π‘‰π©π» π‘€π‘π¬π‘‰π®.
0aa945a17,"22 π’π²π» ππ‘π»π―π‘‰ π π°π‘‹ π‘‰π®π‘†π‘ π°π‘€π―π‘, π π¶π®π‘ π‘€π¬ πΊπ¨π‘π¬π‘‰ π·π­"
0aed725d2,π‘π‘π―π‘‡ πΊ π‘…π©π‘‚πΌ: πΊπ²π» π‘π«π‘‰ π‘„ π¨π‘π―πΏπ―π‘… π‘…π©πΏ π‘„π¬π‘‚ πΌπ©π‘† π‘‡π°π‘ πΊ π‘‡π«π‘‰π»π‘πΊ.
0c34087cb,π‘‹π°π‘ πΏπ«π‘π―π‘ƒ π‘π«π‘‰ π€π‘π΄π²π‘….
0c83bfd48,πΈπ¶π΄π» π°π‘† π‘…π‘π¬:
0d5e4b1c4,πΊπ‘‰π΄πΌπ‘€π‘‰π­π‘‹ πΏπ²π‘‹π―π‘ƒ; π‘€π¬ π· πµπ» π»π­ π‘‹π¨π» πΈπ®π‘‹.
0d7656b00,"35 π™π«π‘‰ π π¶π±π‘† π πΈπ²π‘π‘€π―π‘‰πΌ, π°π‘πΌ π· π‘€π©π‘‚ π‘‹π¨ π‘‹π¨π»: π π¶π±π‘"
0ec4da14d,2 π π‘π¬ π‘„π°π» ππ‘π»π―π‘‰ π»π­ πΌπ©π‘† π®π‘† π‘„ π‘π¨π‘…π» π±π‘‚ π‘„ πΉππ‘…π¬π‘‚π―π‘‰
0ee2ea86f,"7 π’π²π» πΈπ¶π―π‘ π‘„ πΏπ®π‘ πΈπ²π‘‰πΌ π‘„π©π‘‰π±π‘‚, πΈπ¨ π¶π±π‘† π‘‰π«π‘ƒ:"
0f20f0a0c,π¬π‘‚π―π‘‰ π‘‹π―π‘π® π‘ƒπ®π‘π‘†: π―π‘π»π―π‘‰ π‘„πµ π®π‘π»π­ π‘„ πΎπ±π® π±π‘‚ π‘„π΄ π‘π«π‘‰πΌ.
0fa3b40f2,"π‘…π―πΌ, πΆπ«π‘‰πΌ π‘„πµπΌπ¨π®π‘‚π―π‘‰π―πΌπ‘…π» π²π‘π»π­ π‘‹π¨ π»π­ π‘‹π»π°π‘π―π»π‘…: πΊπ¨πΈπ¬π‘πΌ, π πΈπ°π‘‚"
1005bee0a,"ππ¶π―π‘ π‘„ π‘‹π«π‘‰π‘π®π‘ π¶π±π‘† πΏπ²π‘‹, π«π‘ π‘„ π½π¨π‘ πΉπ‘‰π¨π‘…π»π‘… π°π‘πΌ"
1041d8d6f,"π‘‰π―πΌπ®, πΊπ²π» π‘„π© πΈπ¶π®π½ π¶π²π‘‰ πΊπ®πΌπ‘ π¶π²π‘‰ π‘π±π» π¶π²π‘‰π‘„π®."
10ce84cd3,"5 ππ¶π΄π‘ π‘„ πΊπ‘‰π΄πΌπ‘€π‘‰π­π‘‹ π»π°π‘‰π®πΌ, π‘„π© π«π‘ π‘…π‘π²π‘‹πΊπ―π‘‰πΌ π°π‘πΌ π‘…π‘π―πΉπ»."
1111df603,π‘„ π‘‡π¨πΉ π±π‘‚ π‘„ π‘π‘π±πΏ π‘‡π°π‘ πΊ π‘…πΏπ°π―π‘‰πΌ π°πΊπ‘‰π«πΌ.
11a48d984,"3 ππ‘πΌ ππ‘π»π―π‘‰ π πΈπ¶π΄π‘ πΏπ©π‘‹ π²π‘π»π­ πΈπ®π‘‹ π‘„π© π‘„π°π» π‘…π»π³πΌ πΊπ΄,"
1215be8e4,"20 π’π²π» πΉπ‘‰π© π· π‘„π°π» π·π­π‘‰ π‘π‘π΄π» πΊ π‘π±π» π®π‘π‘„ π±π®π‘π»π―π‘‰, π‘π¨π‘„π―π‘‰ π±π‘"
1242ad1c4,3 ππ‘πΌ π‘…π―π‘π» π‘π¬π‘‰- πΈπ®π‘† π‘…π²π‘‰π‘‚π²π‘π»π‘… π»π­ πΏπ«π‘ π‘„π―π‘‹
12c87d3de,π‘π¨π‘„π―π‘‰ π‘…π²π‘π―π‘‰ π· π‘„π―π‘‹ π‘„π°π» ππ‘‰ π―π‘π»π―π‘‰π®π‘ π»π­ π‘€π¬ π®π‘.
1329925ca,"π°π‘πΌ π‘„ π―π‘πΌπ―π‘‰π‘† π±π‘‚ π‘„ πΉπ¨πΉπ‘, π²π‘π»π­ π‘„ πΉπ°π‘π―π‘… π±π‘‚ π‘„ πΈπ΄ πΉπ‘‰π¨π‘…π», πΈπ­ π¶π±π‘† πΏπ«π‘πΌ"
13680b55e,π±π®π‘; π‘π«π‘‰ πµπ‘‰ π‘π°π‘‹πΉπ‘… ππ‘‰ π‘€π«π‘ πµπ».
1377447f7,29 Β¶ π†π‘‹π¨πΌπ®π―π»π‘π® ππ‘π»π―π‘‰ π‘„ π»π‘‰π®πΊπ·π®π­π‘π‘‡π‘‡π²π‘ π±π‘‚ π‘„π¬π‘† πΌπ©π‘† π‘‡π°π‘
139674336,"ππ―π‘ƒπ‘…π―π‘‹π°π‘π¨, π°π‘πΌ π‘…π―π‘ƒ π²π‘π»π­ π‘„ πΌπ®π‘…π΄πΉπ‘π‘†, ππ®π» π· πΈπ¨π‘‰, πΈπ¶π΄π‘ π π‘€π¬ π°π‘πΌ"
13b362289,"23 ππ‘πΌ πΈπ¨ π°π‘π‘…π―π‘‰πΌ π°π‘πΌ π‘…π―πΌ, ππ¨ π‘„π°π» πΌπ®πΉπ―π‘ƒ πΈπ®π‘† πΈπ°π‘πΌ π¶π®π‘„"
13b436079,"π‘…π²π‘‹ π±π‘‚ π‘„π―π‘‹ π‘‡π°π‘ π· π‘…πΏπ²π‘‰πΎ π®π‘ πΈπ­π‘‰ π‘…π®π‘π°π‘€π±π‘€π‘†, π°π‘πΌ πΉπ²π‘‰π‘…π¨πΏπ®π­π» π‘„π―π‘‹"
13f13a65c,"2 ππ‘πΌ, πΊπ¨πΈπ¬π‘πΌ, π‘„π©π‘‰ π¶π±π‘† π π‘€π‘‰π©π» π²π‘‰π‘ƒπΏπ¶π©πΏ: π‘π«π‘‰ π‘„ π©π‘="
14ac358bc,"π¶π―π‘π» π®π‘π»π­ π‘„ πΈπ¬π‘π® π‘…π®π»π®, π°π‘πΌ π°πΉπ¨π‘‰πΌ π²π‘π»π­ π‘‹π―π‘π®."
153e27c5e,"10 ππ―π‘ π‘…π―πΌ π–π¨π‘†π²π‘… π²π‘π»π­ π‘„π―π‘‹, π’ π‘π±π» π°π‘π‘‰π©πΌ: π‘€π¬ π»π―π‘"
156ce1147,π‘π© π‘„π―π‘‹ π±π‘ π‘‹π―π‘'π‘† π‘‡π¬π‘πΌπ―π‘‰π‘†; πΊπ²π» π‘„π© π‘„π―π‘‹π‘…π―π‘π‘‚π‘† π¶π®π‘ π‘π±π» π‘‹π­π‘‚ π‘„π―π‘‹
1583123da,50 π π‘π«π‘‰πΌ π‘…π²π‘‰π‘‚π²π‘π» π‘‡π°π‘ πΏπ²π‘‹ π®π‘ π πΌπ© πΈπ¶π―π‘ πΎπ¨ π‘π³πΏπ―π‘ƒ
1594e860b," πƒπ‘ π‘„π©π‘‰π‘π¬π‘‰ πΈπ¶π±π»π‘…π¬π―π‘‚π―π‘‰ π‘„π© πΊπ®πΌ π·π­ π²πΊπ‘†π²π‘‰π‘‚, π‘„π°π» π²πΊπ‘†π²π‘‰πΌ"
16007e3da,14 ππ‘πΌ π‘„π®π‘… π‘€π±π‘…πΉπ―π‘ π±π‘‚ π‘„ πΏπ®π‘πΌπ²π‘‹ π‘‡π°π‘ πΊ πΉπ‘‰π¨π½π» π®π‘ π«π‘
160a9887f,"π±π‘‚ πΈπ―π‘‚π‘, πΊπ²π» π‘‹π΄ π™ππ‘„π―π‘‰ π¬π‘π‘π®."
163c59732,π‘π‘‰π±π‘‹ π‘„ π‘πµπ‘πΌπ©π‘‡π²π‘ π±π‘‚ π‘„ π¶π²π‘‰π‘πΌ:
172b3fbfa,"π‘…πΉπ¬πΏπ‘ π±π‘‚ πΊπ΄ π”π²π‘π·π―π‘ π‘„ πΉπ‘‰π±π‘π―π», π‘…π»π°π‘πΌ π®π‘ π‘„ πΈπ¬π‘π® πΉπ‘π©π‘…, (πΈπ­π‘…π¬"
173393877,"17 ππ‘πΌ π‘π΄πΏπ¶π΄π‘† πΈπ¨ π‘„π°π» πΈπ°πΌ π‘‰π¨π‘…π¨π‘‚πΌ π»π­, πΈπ¨ π«π‘π‘…π¬"
17450521e,"25 π™π¬ π²π‘π»π­ π·π­, π‘…πΏπ‘‰π΄πΊπ‘† π°π‘πΌ π™π°π‘‰π®π‘…π¨π‘†, πΈπ®πΉπ¬πΏπ‘‰π®π»π‘…! π‘π«π‘‰π»"
178939106,"πΌπ―π‘†π―π‘‰π»; π‘€π¬ π‘π±π» π‘π¬π‘‰π‘ƒ: πΊπ¨πΈπ¬π‘πΌ, πΈπ¨ π®π‘† π®π‘ π‘„ π‘…π¨πΏπ‘‰π―π» π½π°π‘‹πΊπ―π‘‰π‘†; πΊπ¨π‘π¨π‘‚"
17b8745d1,"πΌπ²π‘, πΊ π»π¬π‘πΌ π‘π«π‘‰ π π‘‹π¨π‘‹π¬π‘‰π®π²π‘ π±π‘‚ πΈπ²π‘‰."
181636103,"59 ππ‘πΌ πΈπ¶π―π‘ π–π¬π‘†π―π‘ πΈπ°πΌ π»π©πΏπ‘ π‘„ πΊπ±πΌπ®, πΈπ¨ π‘‰π°πΉπ» π®π» π®π‘"
1864fd0b5,"21 ππ‘πΌ πΈπ­π‘…π¬ π‘π°π‘ π‘…π¶π©π‘‰ πΌπ΄ π‘„ π»π―π‘‹πΉπ‘, π‘…π¶π©π‘‰π―π‘ƒ πΊπ΄ π®π», π°π‘πΌ πΊπ΄"
18ceedcb6,π°π¶π©; π‘…π¬ π‘‡π°π‘ π«π‘π‘…π¬ π‘„ πΏπ²π‘‹π®π‘ π±π‘‚ π‘„ ππ²π‘ π±π‘‚ π‘‹π°π‘ πΊ.
18e5a109d,"1 ππ‘πΌ π‘‡π°π‘ πΏπ²π» πΈπ®π‘‹ π°π‘…π²π‘πΌπ―π‘‰, π°π‘πΌ π°πΉπ±π®π‘π» πΈπ®π‘‹ πΈπ®π‘†"
18f4761e7,"13 Β¶ π’π²π» π¶π¬π²π‘π»π­ π·π­ π‘…πΏπ‘‰π΄πΊπ‘ π°π‘πΌ π™π°π‘‰π®π‘…π¨π‘†, πΈπ®πΉπ¬πΏπ‘‰π®π»π‘…π® π‘π«π‘‰"
195300ece,"π®π», π°π‘πΌ πΊπ‘‰π©πΏ π®π», π°π‘πΌ π‘€π©π‘‚ π®π» π»π­ π‘„ πΌπ®π‘…π΄πΉπ‘π‘†, π°π‘πΌ π‘…π―πΌ, π“π©πΏ, π¨π»; π‘„π®π‘… π®π‘† π‘‹π΄"
195890f52,"πΌπ¨π‘‚πµπ‘‰ π¶π®πΌπ¬π‘† πΈπµπ‘†π―π‘†, π°π‘πΌ π‘π«π‘‰ π πΉπ‘‰π¨πΉπ―π‘π‘… π‘‹π©πΏ π‘π±π‘ πΉπ‘‰π©π‘‰: π‘„π©π‘‰π‘π¬π‘‰ π· π‘‡π°π‘"
198e9e0ca,"π°π‘πΌ π«π‘ π‘„ πΈπ¬π‘π® π©π‘πΌπ―π‘π‘† π¶π®π‘„ πΈπ®π‘‹, π‘„π―π‘ π‘‡π°π‘ πΈπ¨ π‘…π®π» π²πΉπ±π‘ π‘„ π‘ƒπ‘‰π¬π‘ π±π‘‚"
19bc239af,"π‘…π¶π©πΌ πΈπ®π‘‹, π°π‘πΌ π‘…π¨πΏπ®π­π‘‰ π·π­."
1a42baa17,"π¶π®π‘π‘†, π°π‘πΌ π· π¶π³πΌ π‘π±π»!"
1afe84e2a,"π¶π¨ π‘„ π πΈπ²π‘π‘€π―π‘‰πΌ, π°π‘πΌ π‘π―πΌ π‘„? π«π‘‰ π‘ƒπ²π‘‰π‘…π»π®, π°π‘πΌ π‘€π©π‘‚ π‘„ πΌπ‘‰π®π‘π­?"
1b4ca9c21,"π®π‘† π‘π¨π‘‰, π¨π‘‚π‘ π°π» π‘„ πΌπ¬π‘‰π‘†."
1c0c827f6,"19 Β¶ ππ¶π―π‘ πΈπ¨ π¶π±π‘† π‘…π―π» πΌπµπ‘ π±π‘ π‘„ πΎπ²πΎπ‘‹π―π‘π» π‘…π¨π», πΈπ®π‘†"
1c48f74ad,"1 πΆπ΄πΏπ¶π΄π‘† π«π‘π‘…π¬ π‘„ π½π¨π‘ πΉπ‘‰π¨π‘…π»π‘… π‘‹π±πΏπ®π‘ πΈπ®π‘‹, π¶π®π‘„ π‘„"
1c5f4ab2e,"πΈπ°πΌ πΉπ³π» π‘„ π‘…π°πΌπ®π­π‘…π¨π‘† π»π­ π‘…π΄π‘π―π‘π‘…, π‘„π© π¶π²π‘‰ π‘€π°π‘„π―π‘‰πΌ π»π³π‘€π―π‘…π―π‘‰"
1c82cbdec,"π‘π©π‘ƒπ‘π³π‘ π‘…π²π‘‰π‘‚π²π‘π»: π‘„πµ πΈπ°π‘…π» πΊπ®π‘ π‘π©π‘π³π‘ π¬π‘‚π―π‘‰ π π‘π®π­ π‘ƒπ®π‘π‘†, π π¶π®π‘ π‘‹π©πΏ"
1d6267b47,"πΊπ¨πΏπ«π‘† π±π‘‚ π‘‹π¨ π‘„π®π‘… π‘π΄π»: π‘π«π‘‰ π®π» π®π‘† π‘‰π®π»π‘, π π¶π®π‘ π‘…π‘‹π΄π» π‘„ π‘‡π―πΉπ―π‘‰πΌ, π°π‘πΌ"
1d6d8e910,"π±π‘‚ πΈπ®π‘‹ π‘„π°π» π¶π±π‘† π‘‚π°π‘π·π­πΌ, πΈπ­π‘‹ π‘„π© π±π‘‚ π‘„ π½π®π‘πΌπ‘‰π―π‘ π±π‘‚ π†π‘†π‘‰π°π―π‘ πΌπ®πΌ"
1d91102f5,"π®π», π‘„π΄ π¶π®π‘ πΊ πΌπ²π‘."
1d9187bfc,"39 ππ‘πΌ πΈπ¨ π¶π―π‘π» π π‘π®π»π‘ π‘ππ‘‰π‘„π―π‘‰, π°π‘πΌ π‘π―π‘ π±π‘ πΈπ®π‘† π‘π©π‘…, π°π‘πΌ"
1da161435,36 Β¶ ππ―π‘ πΏπ²π‘‹π―π‘ƒ π–π¨π‘†π²π‘… π¶π®π‘„ π‘„π―π‘‹ π²π‘π»π­ π πΉπ‘π©π‘… πΏπ«π‘πΌ
1db76900b,"40 ππ‘πΌ πΈπ¨ πΏπ²π‘‹π―π‘ƒ π²π‘π»π­ π‘„ πΌπ®π‘…π΄πΉπ‘π‘†, π°π‘πΌ π‘π΄π‘πΌπ―π‘ƒ π‘„π―π‘‹ π°π‘…π‘π¨πΉ"
1e84cd296,π‘„ π‘…π»π¬π‘ π‘π‘‰π±π‘‹ π‘„ πΌπ¬π‘‰ π°π‘πΌ π‘…π°π» π²πΉπ±π‘ π®π».
1edca3ea8,"31 ππ‘πΌ ππ‘π»π―π‘‰ π‘„π» π‘„π© πΈπ°πΌ π‘‹π±πΏπ» πΈπ®π‘‹, π‘„π© π»π³πΏ π‘„π‘‰π¬πΊ π±π‘ π‘π‘‰π±π‘‹"
1f1a0c1fc,π‘„π°π» π‘„ π‘€π²π‘‚π―π‘‰π‘π²π‘‰ π‘‹ππ‘‰π‘‚π―π‘πΌ π‘€π‘‰π©π»π‘π®.
1f5b1cf9c,"11 Β¶ ππ‘πΌ πΈπ¶π―π‘ π‘„ πΏπ®π‘ πΏπ©π‘‹ π®π‘ π»π­ π‘…π¨ π‘„ π‘€π―π‘…π»π‘…,"
1fcc03e61,"π‘…πΏπ‘‰π΄πΊπ‘† π°π‘πΌ π―π‘πΌπ―π‘‰π‘†, π‘…π―πΌ,"
2007d35ca,π‘…π©π‘‹ π®π‘ πΈπ®π‘† π»π¨π‘ƒ
207c55086,"50 ππ‘πΌ π–π¨π‘†π²π‘… π‘…π―πΌ π²π‘π»π­ πΈπ®π‘‹, π™π‘‰π―π‘πΌ, πΈπ¶π©π‘‰π‘π¬π‘‰ ππ‘‰π» π‘„πµ"
217a1e7bc,"π®π‘π»π­ πΊ π‘ππ‘‰ πΏπ²π‘π»π‘‰π®, πΈπ­ πΏπ«π‘πΌ πΈπ®π‘† π¬π‘ π‘…π²π‘‰π‘‚π²π‘π»π‘…, π°π‘πΌ πΌπ¨π‘π®π‘‚π―π‘‰πΌ π²π‘π»π­"
21ba52c33,"π‘„ π²π‘‰π‘ƒ, π‘π‘‰π±π‘‹ π‘„ πΊπ‘π²πΌ π±π‘‚ π‘‰π΄π½π²π‘… ππΊπ―π‘ π²π‘π»π­ π‘„ πΊπ‘π²πΌ π±π‘‚ ππ°πΏπ°π‘‰π΄π²π‘…"
21ccd432b,"29 π’π²π» π π‘…π© π²π‘π»π­ π·π­, π π¶π®π‘ π‘π±π» πΌπ‘‰π®π‘πΏ πΈπ―π‘π‘…π‘π¬π‘‰π‘ƒ π±π‘‚"
2267cddf7,π•ππ‘π“π‡π΅ Xπ‘„VI
22adb7d24,π‘π«π‘‰ π‘„π°π» π‘‹π°π‘ π®π‘ πΈπ¨ πΈπ°πΌ π‘π±π» πΊπ®π‘ πΊπ«π‘‰π‘.
22d641425,π‘‹π¬π‘‰.
22dad3ced,"28 ππ©π‘‰π‘π¬π‘‰ π®π‘ π‘„ π‘‰π―π‘†π²π‘‰π―πΏπ‘‡π²π‘, πΈπ­π‘† π¶π΄π‘ π‘‡π°π‘ π‘‡π¨ πΊ"
22f9eb702,24 π ππ²π‘ π±π‘‚ π‘‹π°π‘ π‘€π¬π―π‘ƒ π°π‘† π®π» π®π‘† π‘‰π®π»π‘ π±π‘‚ πΈπ®π‘‹: πΊπ²π»
23247e1ae,"πΈππ‘‰π», π£π΄ π‘π«π‘‰πΌ πΌπ¨π‘π©π―π‘ƒ πΈπ®π‘† πΏπ²π‘‹π®π‘;"
2387863b7,"π»π®π‘ π· π‘‡π°π‘ π‘…π©, π’π‘π―π‘…π―πΌ π®π‘† πΈπ¨ π‘„π°π» πΏπ²π‘‹π―π‘ƒ π®π‘ π‘„ π‘π©π‘‹ π±π‘‚ π‘„ πΆπ«π‘‰πΌ."
23f2b8264,π‘„ πΉππ‘…π¬π‘‚π―π‘‰ π°π» π‘„π΄ πΈπµπ‘… π¶π®π‘„ π‘‹π΄ πΌπ®π‘…π΄πΉπ‘π‘†.
24336a65f,"31 ππ¶π©π‘‰π‘π¬π‘‰ π· πΊ π¶π®π»π‘π―π‘…π―π‘† π²π‘π»π­ -π―π‘π‘‚π‘†, π‘„π°π» π· ππ‘‰ π‘„"
243559bd6,"38 ππ¶π―π‘ π‘…π« π¶π¨ π‘„ π π‘…π»π‘‰π©π‘πΎπ―π‘‰, π°π‘πΌ π»π³πΏ π‘„ π®π‘? π«π‘‰"
24f34d59f,π‘„π²π‘… π®π» π‘‹π²π‘…π» πΊ?
262442a75,31 ππ‘πΌ πΈπ¨ π‘‡π°π‘ π‘…π―π‘πΌ πΈπ®π‘† π©π‘πΎπ―π‘π‘† π¶π®π‘„ π π‘€π‘‰π©π» π‘…πµπ‘πΌ π±π‘‚
26a2a0585,"π»π©πΏπ‘, π°π‘πΌ π‘„ π²π‘„π―π‘‰ π‘π―π‘π»."
278ba564f,πΉππ‘… π°π¶π©.
281ea8df9,"π–π¨π‘†π²π‘… π‘…π―πΌ π²π‘π»π­ πΈπ®π‘‹, ππµ π‘…π©π―π‘…π»."
2823bf8dd,"44 π π‘ƒπ¨π‘‚π‘† π«π‘π‘…π¬, πΈπ¶π®π½ π¶π²π‘‰ πΏπ‘‰π­π‘…π®π‘π΄πΌ π¶π®π‘„ πΈπ®π‘‹, πΏππ‘…π» π‘„"
28c66c54e,"3 Β¶ ππ―π‘ π–π®π­πΌπ²π‘…, πΈπ¶π®π½ πΈπ°πΌ πΊπ¨π»π‘‰π©πΌ πΈπ®π‘‹, πΈπ¶π―π‘ πΈπ¨"
28e0bb74b,π‘„π®π‘… πΎπ―π‘π―π‘‰π©π‘‡π²π‘.
290897c52,"6 Β¶ π¤πµ πΈπ¶π―π‘ π–π¨π‘†π²π‘… π¶π±π‘† π®π‘ π’π―π‘ƒπ°π‘π®, π®π‘ π‘„ πΈπµπ‘…"
29093757c,π°π‘πΌ π‘„π© π‘„π°π» π¶π²π‘‰ π‘‰π―πΌπ® π¶π―π‘π» π®π‘ π¶π®π‘„ πΈπ®π‘‹ π»π­ π‘„ π‘‹π°π‘‰π―πΎ: π°π‘πΌ π‘„ πΌπ¬π‘‰
2934ddbcb,8 ππ‘πΌ π‘„π© πΌπ¨πΉππ‘‰π»π―πΌ πΏπ¶π®πΏπ‘π® π‘π‘‰π±π‘‹ π‘„ π‘…π―πΉπ²π‘πΏπ―π‘‰ π¶π®π‘„ π‘π¨π‘‰
2979f7b65,"29 π–π¨π‘†π²π‘… π°π‘π‘…π―π‘‰πΌ π°π‘πΌ π‘…π―πΌ π²π‘π»π­ π‘„π―π‘‹, π πΌπ­ π²π‘‰,"
297d0abfd,"4 ππ©π®π‘, π πΈπ°π‘‚ π‘…π®π‘πΌ π®π‘ π‘„π°π» π πΈπ°π‘‚ πΊπ¨π»π‘‰π©πΌ π‘„"
2a1ae90a8,"π‘… π‘‰π΄π» πΈπ°π‘πΌ, π°π‘πΌ π°π‘π²π‘„π―π‘‰ π±π‘ π‘„ π‘π―π‘π»."
2a74aa2af,"π°π‘πΌ π‘…π―πΌ π²π‘π»π­ πΈπ®π‘‹, π π°πΌπΎπ®π­π‘‰ π‘„ πΊπ΄ π‘„ π‘π®π‘‚π®π‘ ππ±πΌ, π‘„π°π» π‘„πµ π»π―π‘ π²π‘…"
2ad86a92c,π²π‘π»π­ π‘„ π¶π―π‘…π»; π‘…π¬ π‘‡π°π‘ π«π‘π‘…π¬ π‘„ πΏπ²π‘‹π®π‘ π±π‘‚ π‘„ ππ²π‘ π±π‘‚ π‘‹π°π‘ πΊ.
2b215e24f,"4 ππ‘€π―π‘ πΈπ¨ π‘…π―π‘π» π‘π«π‘‰π‘ƒ π²π‘„π―π‘‰ π‘…π²π‘‰π‘‚π²π‘π»π‘…, π‘…π©π®π‘, π™π―π‘"
2b2a43634,π®π‘π»π­ ππ°π‘π®π‘π¨
2bffb0179,πΈπ¶π±π» π‘„πµπ‘…π©π―π‘…π».
2c565923a,π½π®π‘πΌπ‘‰π―π‘ π±π‘‚ π‘„π―π‘‹ πΈπ¶π®π½ πΏπ®π‘πΌ π‘„ πΉπ‘‰π±π‘π―π»π‘….
2d6311338,"27 ππ―π‘ π‘„ π‘…π¬π‘π‘‰π―π‘‰π‘† πΈ π‘„ π‘€πΈπ‘‰π‘π²π‘‰ π»π³π¨ π–π¨π‘†π²π‘… π®π‘π»π­ π‘„ πΏπ°π‘‹π²π‘ πΈπ‘,"
2de6950a7,"17 π“π―π‘ π²π‘…, π‘„π©π‘‰π‘π¬π‘‰, ππ¶π±π» π‘ƒπ®π‘πΏπ―π‘…π» π‘„πµ? π†π‘† π®π» π‘π«π‘π³π‘"
2e0009f2c,"24 π πΊπ‘π΄π‘πΌ π‘€π΄πΌπ‘†, πΈπ¶π®π½ π‘…π»π‘‰π©π‘ π°π» π π‘π°π», π°π‘πΌ π‘…π¶π±π‘π¬ π"
2e0246fb2,"π°π‘πΌ π‘…π‘π±π‘ƒπ‘π³π‘ π‘…π²π‘‰π‘‚π²π‘π», π‘„πµ π‘π®π­π―π‘…π» π‘„π°π» π π‘‰π¨πΉ πΈπ¶π©π‘‰ π π‘…π¬πΌ π‘π±π», π°π‘πΌ"
2ee8b514e,π‘…π¨πΌ π²π‘π»π­ πΈπ®π‘† πΊπ‘‰π²π‘„π―π‘‰.
300e5ee75,"20 π¤πµ πΈπ¶π―π‘ π‘„ π¨π‘‚π» π¶π±π‘† πΏπ‘‹, πΌπ¨ π‘…π» πΌπ‘ πΏπ¨ π‘„ π¶π―π‘π‘‚."
30dc1faf4,π‘‡π°π‘ πΊ π¶π²π‘‰π‘… π‘„π°π‘ π‘„ π‘π²π‘‰π‘…π».
31d1e6d56,π®π» π‘π±π».
31f6b0d32,"33 π‘π¨π»π―π‘‰ π°π‘π‘…π―π‘‰πΌ π°π‘πΌ π‘…π―πΌ π²π‘π»π­ πΈπ®π‘‹, ππ¬ π«π‘ π‘‹π―π‘ π‘‡π°π‘"
32e8d6f57,π¶π®π‘„π®π‘ π· ππ‘‰ π‘π³π‘ π±π‘‚ πΈπ®πΉπ±πΏπ‘‰π°π‘…π® π°π‘πΌ π®π‘π®πΏπ¶π®π»π®.
330ba5f2d,"π‘„π®π‘… π‘π‘‰π­π» π±π‘‚ π‘„ π‘‚π΄π‘, π²π‘π»π®π‘ π‘„π°π» πΌπ© πΈπ¶π―π‘ π πΌπ‘‰π®π‘πΏ π®π» π‘π®π­ π¶π®π‘„ π·π­ π®π‘"
335fb91d7,"22 ππ¶π―π‘ π‘„π© πΈπ°πΌ πΈπ²π‘‰πΌ π‘„π¨π‘† π¶π²π‘‰πΌπ‘†, π‘„π© π‘‹ππ‘‰π‘‚π―π‘πΌ,"
33944544a,34 Β¶ ππ© π‘€π©π‘‚ πΈπ®π‘‹ π‘‚π®π‘π¨π‘€π²π‘‰ π»π­ πΌπ‘‰π®π‘πΏ π‘‹π®π‘π‘€π‘πΌ π¶π®π‘„ π‘€π«π‘;
33cd72959,"π· π‘‹π©πΏ πΏπ‘π¨π‘ π‘„ πµπ»π‘…π΄πΌ π±π‘‚ π‘„ πΏπ²πΉ π°π‘πΌ π±π‘‚ π‘„ πΉπ‘π°π»π―π‘‰, πΊπ²π» π¶π®π‘„π®π‘ π‘„π© ππ‘‰"
34d05e0cd,"π·π«π‘‰πΌ πΈπ°π‘ƒ π‘‹π©πΌ π‘‰π­π‘π―π‘‰ π¬π‘‚π―π‘‰ πΈπ®π‘† πΈπ«π‘…πΈπ¬π‘πΌ, π»π­ π‘€π®π‘‚ π‘„π―π‘‹ π‘‹π¨π» π®π‘ πΌπ®π­"
35657de2e,π‘„π°π» π‘‡π°π‘ π‘π±π» πΊ π‘ƒπ‘‰π¬π‘ πΌπµπ‘.
35c8de388,π‘‡π°π‘ πΈπ°π‘‚ π°πΊπ²π‘πΌπ²π‘π‘…: πΊπ²π» π‘π‘‰π±π‘‹ πΈπ®π‘‹ π‘„π°π» πΈπ°π‘ƒ π‘π±π» π‘‡π°π‘ πΊ π»π©πΏπ‘ π°π±π© π¨π‘‚π‘
35f06dc69,"9 π¤π π‘„ π½π¨π‘ πΉπ‘‰π¨π‘…π»π‘…, π°π‘πΌ π―π‘πΌπ―π‘‰π‘†, π°π‘πΌ π«π‘ π‘„πΏπµπ‘π‘…π®π‘, π‘…π«π»"
35f21c0cb,π‘…π®π»π®π‘ π¬π‘‚π―π‘‰ π°π‘€π―π‘π‘…π» π‘„ π‘…π―πΉπ²π‘πΏπ―π‘‰
3616de5c7,"π‘…π―πΌ π²π‘π»π­ π‘„π―π‘‹, ππ­π‘‹ π¶π®π‘ π· π‘„π°π» π π‘‰π¨π‘π¨π‘… π²π‘π»π­ π·π­? π’π°π‘‰π°πΊπ²π‘…, π«π‘‰"
36b7af0ca,π»π®π‘ π«π‘ π‘„π¨π‘† π‘ƒπ®π‘π‘† πΊ π‘π³π‘π‘π®π‘πΌ.
37357c6db,"π«π‘‰ π®π‘ πΉπ‘‰π®π‘†π‘, π°π‘πΌ πΌπ®πΌ π‘π±π» π‘‹π®π‘π®π‘…π»π―π‘‰ π²π‘π»π­ π‘„?"
37480c0b2,"πΊ π‘π±π» π»π‘‰π®πΊπ‘πΌ: π‘π«π‘‰ π«π‘ π‘„π¨π‘† π‘ƒπ®π‘π‘† π‘‹π²π‘…π» πΏπ²π‘‹ π»π­ πΉππ‘…, πΊπ²π» π‘„ π―π‘πΌ π®π‘† π‘π±π»"
375c79239,"π£ππ‘…π»π―π‘‰, π®π‘† π®π» π? ππ¨ π‘…π―πΌ π²π‘π»π­ πΈπ®π‘‹, ππµ πΈπ°π‘…π» π‘…π―πΌ."
3769695c2,"46 π’π‘π―π‘…π―πΌ π®π‘† π‘„π°π» π‘…π²π‘‰π‘‚π²π‘π», πΈπ­π‘‹ πΈπ®π‘† π‘π«π‘‰πΌ πΈπ¶π―π‘ πΈπ¨"
37a7e562c,"π®π‘π® π π‘…π© π²π‘π»π­ π·π­, ππ©π‘‰ π‘‡π°π‘ π‘π±π» πΊ π‘π―π‘π» πΈπ¨π‘‰ π¶π²π‘ π‘…π»π¬π‘ π²πΉπ±π‘ π°π‘π²π‘„π―π‘‰,"
380c6d22a,"πΈπ―πΌπ‘†,"
38500115e,"π‘…π²π‘‰π‘‚π²π‘π»; π‘„πµ πΈπ°π‘…π» πΊπ®π‘ π‘π©π‘ƒπ‘π³π‘ π¬π‘‚π―π‘‰ π π‘π®π­ π‘ƒπ®π‘π‘†, π π¶π®π· π‘‹π©πΏ π‘„ π‘‰π­π‘π―π‘"
398227906,"5 π‘π΄π‘π²π» π‘…π―πΌ π²π‘π»π­ π‘„π―π‘‹, π πΈπ°π‘‚ π π¶π±π½: π‘€π¬ π·π­π‘‰ π¶π©,"
39feea02c,π‘‰π¨πΌπ―π‘ƒ π‘π―π» πΈπ®π‘‹ π²π‘πΌπ―π‘‰π‘…π»π°π‘πΌ)
3a2214673,"14 ππ¬ π²π‘π»π¬ πΈπ­, πΏπ‘‰π΄πΊπ‘† π°π‘πΌ π™π‘‰π®π‘…π¨π‘†, πΈπ®πΉπ¬πΏπ‘‰π®π»π‘…! π‘π«π‘‰ π·"
3a24b4005,πΌπ²π‘ƒ πΊπ¨π»π‘‰π© π‘‹π¨.
3a315d6e6,"5 ππ―π‘ πΏπ²π‘‹π―π‘ƒ πΈπ¨ π»π­ ππΌπ®π‘…π΄πΉπ‘π‘†, π°π‘πΌ π‘…π―π‘ƒ π²π‘π»π­ π‘„π―π‘‹, ππ¨πΉ"
3a641fc11,"π‘„π―π‘‹, π‘…π©π®π‘, π”π‘‰π®π‘πΏ π· π«π‘ π±π‘‚ π®π»;"
3a8945524,πΈπ®π‘‹ πΈπ¶π®π½ πΈπ°π‘ƒ π»π―π‘ π»π°π‘π―π‘π»π‘….
3aabf84ac,"π°π‘πΌ π‘…π―πΌ π»π­ π‘π¨π»π―π‘‰, π†π­π‘‰π‘π® π‘„πµ π«π‘π‘…π¬ ππ‘‰π» π¶π²π‘ π±π‘‚ π‘„π―π‘‹; π‘π«π‘‰ π‘„π΄ π‘…πΉπ¨π½,"
3aaf8a6de,π°π‘† π‘„π΄π‘…π―π‘π‘
3abd78019,"π–π¨π‘†π²π‘…, πΈπ¨ πΌπ¨π‘π®π‘‚π―π‘‰πΌ πΈπ®π‘‹ π»π­ πΊ πΏπ‘‰π¬π‘…π®πΌπΌ."
3b7eaf216,13 π±π½ π‘„π©π‘‰π‘π¬π‘‰; π‘π«π‘‰ π· π‘π¬ π‘π¨π‘„π―π‘‰ π‘„ πΌπ© π‘π«π‘‰ π‘„ πµπ‘‰
3b8b42900,"πΉπ‘‰π©πΌ, π‘…π©π®π‘, π„ π‘‹π΄ π™ππ‘„π―π‘‰, π®π‘ π®π» πΊ πΉπ±π‘…π®πΊπ‘, π‘π―π» π‘„π®π‘… πΏπ²πΉ πΉππ‘… π‘π‘‰π±π‘‹"
3b92b557d,35 ππ°π» π²πΉπ±π‘ π·π­ π‘‹π© πΏπ²π‘‹ π«π‘ π‘„ π‘‰π΄π½π²π‘… πΊπ‘π²πΌ π‘‡π―πΌ π²πΉπ±π‘
3bb4b7312,π•ππ‘π“π‡π΅ XXIII.
3c1bd01a3,π‘‚π°π‘π·π­;
3ca8bce05,π‘„π®π‘… πΌπ©.
3cad054e3,"πΈπ®π‘‹ π°π¶π© π»π­ πΏπ©π·π°π‘π²π‘… π‘„ πΈπ΄ πΉπ‘‰π¨π‘…π», πΈπ¶π©π‘‰ π‘„ π‘…πΏπ‘‰π΄πΊπ‘† π°π‘πΌ π‘„ π―π‘πΌπ―π‘‰π‘†"
3cc5fe746,3 π›π®π‘πΏπ―π‘…π» π‘„πµ π‘„π°πΌ π πΏπ°π‘π±π» π‘πµ πΉπ‘‰π© π»π­ π‘‹π΄ π™ππ‘„π―π‘‰
3cd4daab6,"π‘„ π²π‘‰π‘ƒ, π°π‘πΌ πΈπ®πΌ πΈπ®π‘† π‘π«π‘‰πΌ'π‘„ π‘‹π²π‘π®."
3cf103b84,"18 π’π²π» π–π¨π‘†π²π‘… πΉπ―π‘‰π‘…π¨π‘‚πΌ π‘„π©π‘‰ π¶π®πΏπ―πΌπ‘π―π‘‚, π°π‘πΌ π‘…π―πΌ,"
3d0789ba2,"ππ‘‰π®π‘‹π°π‘ƒπ¨π, π‘π©π‘‹πΌ π–π¬π‘†π―π‘, πΈπ­ π«π‘π‘…π¬ πΈπ®π‘‹π‘…π―π‘π‘ π¶π±π‘† π–π¨π‘†π²π‘…' πΌπ®π‘…π΄πΉπ‘"
3d0d88b17,"2 ππ©π®π‘, π π‘…πΏπ‘‰π΄πΊπ‘† π°π‘πΌ π‘„ π™π°π‘‰π®π‘…π¨π‘† π‘…π®π» π®π‘ π£π¬π‘†π―π‘†, π‘…π¨π»"
3d5d1e268,"8 ππ©π®π‘, π‘π‘‰π±π‘π¨π‘…π΄ π²π‘π»π­ π²π‘…, π‘„πµ π—π‘‰π΄π‘…π», πΈπ­ π®π‘† πΈπ¨ π‘„π°π»"
3d605a4ba,πµπ» π°π‘πΌ π¶π―πΉπ» πΊπ®π»π―π‘‰π‘π®.
3d7d6b15c,"πΈπ¶π―π‘„π―π‘‰ π‘„πµ πΊ π‘„ π—π‘‰π΄π‘…π», π‘„ ππ²π‘ π±π‘‚ ππ±πΌ."
3d8454b63,"π‘π¬π‘‹ π―π‘π»π―π‘‰πΌ π®π‘π»π­ π‘„ ππ‘‰πΏ,"
3db4fc28b,"3 π’π²π» π°π‘† π‘„ πΌπ©π‘† π±π‘‚ π¤π¬π¨ π¶π²π‘‰, π‘…π¬ π‘‡π°π‘ π«π‘π‘…π¬ π‘„"
3ddede02c,πΊπ‘π²πΌ π±π‘‚ π‘„π®π‘… πΎπ²π‘…π» πΉπ²π‘‰π‘…π‘: π‘…π¨ π· π»π­ π®π».
3ea275786,"31 π’π²π» π°π‘† π»π²π½π®π‘ π‘„ π‘‰π―π‘†π²π‘‰π―πΏπ‘‡π²π‘ π±π‘‚ π‘„ πΌπ―πΌ, πΈπ°π‘‚"
3fc76c1e5,14 Β¶ π™π«π‘‰ π‘„ πΏπ®π‘πΌπ²π‘‹ π±π‘‚ πΈπ―π‘‚π‘ π®π‘† π°π‘† π π‘‹π°π‘ π»π‘‰π°π‘‚π―π‘π®π‘
3feb728d5,"πΈπ¶π±π» π‘‡π°π‘ πΊ π‘„ π‘…π΄π‘ π±π‘‚ π‘„π΄ πΏπ²π‘‹π®π‘, π°π‘πΌ π±π‘‚ π‘„ π―π‘πΌ π±π‘‚ π‘„ π¶π²π‘‰π‘πΌ?"
40b3d2fdf,"50 ππ―π‘πΌπ®πΌ π‘„ π‘…πΉπ®π» π®π‘ πΈπ®π‘† π‘π©π‘…, π°π‘πΌ πΊπ²π‘π―π»π―πΌ πΈπ®π‘‹: π°π‘πΌ"
4136ac02c,π΄π‘† π¶π²π‘‰ πΈπ―π‘‚π®.
41372904e,"13 π’π²π» πΈπ¨ π‘„π°π» π‘‡π°π‘ π―π‘πΌπ®π­π‘‰ π²π‘π»π­ π‘„ π―π‘πΌ, π‘„ π‘…π©π‘‹"
41402c680,"12 π™π«π‘‰ π®π‘ π‘„π°π» π‘‡π¨ πΈπ°π‘ƒ πΉπ¬π‘‰πΌ π‘„π®π‘… π±π®π‘π»π‘‹π―π‘π» π±π‘ π‘‹π΄ πΊπ±πΌπ®,"
42e556a45,"π‘‹π΄ π‘€ππ‘‰π‘‹π―π‘π»π‘… π°π‘‹π²π‘ π‘„π―π‘‹, π°π‘πΌ π²πΉπ±π‘ π‘‹π΄ π‘‚π―π‘…π»π·π­π‘‰ πΌπ®πΌ π‘„ πΏππ‘…π» π‘π±π»π‘…."
4326321d5,"18 ππ‘πΌ π–π¨π‘†π²π‘… πΏπ©π‘‹ π°π‘πΌ π‘…πΉπ©πΏ π²π‘π»π­ π‘„π―π‘‹, π‘…π©π®π‘, πƒπ‘ πΉπµπ‘‰ π®π‘†"
434d0832d,"π π¶π±π‘† π‘ƒπ²π‘‰π‘…π»π®, π°π‘πΌ π· π‘€π©π‘‚ π‘‹π¨ π‘π¬ πΌπ‘‰π®π‘πΏ:"
44d19e522,"22 ππ‘πΌ πΈπ¨ π‘„π°π» π‘‡π°π‘ π‘…π¶π©π‘‰ πΊπ΄ πΈπ―π‘‚π‘, π‘…π¶π©π‘‰π―π‘ƒ πΊπ΄ π‘„"
4522793e9,20 ππ‘πΌ π‘…π¬ πΈπ¨ π‘„π°π» πΈπ°πΌ π‘‰π¨π‘…π¨π‘‚πΌ π‘π΄π‘‚ π»π°π‘π―π‘π»π‘„ πΏπ©π‘‹
454f7d067,6 ππ‘πΌ π· π‘‡π°π‘ πΈπ¨π‘‰ π±π‘‚ π¶π«π‘‰π‘† π°π‘πΌ π‘‰π­π‘‹π²π‘‰π‘† π±π‘‚ π¶π«π‘‰π‘: π‘…π¨ π‘„π°π» π·
45d652a4a,"π¶π®π‘„π®π‘ π‘„ πΏπ²πΉ π°π‘πΌ πΉπ‘π°π»π―π‘‰, π‘„π°π» π‘„ πµπ»π‘…π΄πΌ π±π‘‚ π‘„π―π‘‹ π‘‹π© πΊ πΏπ‘π¨π‘ π«π‘π‘…π¬."
461ddc44a,"π‘‹π¨? π π‘…π°π» πΌπ©π‘π® π¶π®π‘„ π·π­ π»π¨π½π®π‘ π®π‘ π‘„ π»π―π‘‹πΉπ‘, π°π‘πΌ π· π‘π©πΌ π‘π¬"
467238597,40 π‰π‘ π‘„π¨π‘† π»π­ πΏπ²π‘‹π°π‘πΌπ‘‹π―π‘π»π‘… πΈπ°π‘ π«π‘ π‘„ π‘π« π°π‘πΌ π‘„ πΉπ‘‰π±π‘π―π»π‘…=
4676ab813,π°π¶π© πΈπ¶π΄π‘ π¶π¨ π‘…π‘π―πΉπ».
46acf77d7,"πΈπ¶π―π‘ πΈπ¨ πΈπ°πΌ π‘‹π°π‘‰π®πΌ π π¶π΄π‘, πΌπ¨π‘…π¨π‘…π», π°π‘πΌ, πΈπ°π‘‚π®π‘ π‘π¬ π®π‘‡π­, π‘π―π‘π»"
46d844c39,"43 π π¶π±π‘† π π‘…π»π‘‰π©π‘πΎπΌπ―π‘‰, π°π‘πΌ π· π»π³πΏ π‘‹π¨ π‘π±π» π®π‘: π‘π©πΏπ―π‘‰"
471e59fb7,π¶π³πΌ π‘π±π» πΈπ°π‘‚ π‘…π²π‘π―π‘‰πΌ πΈπ®π‘† πΈπµπ‘… π»π­ πΊ πΊπ‘‰π¬πΏπ‘ π²πΉ.
4750911e8,π‘‡π°π‘ π¶π°πΏπ‘… πΏπ¬π‘πΌ.
48bfe7939,π‘„ πΌπ―π‘‚π‘ π°π‘πΌ πΈπ®π‘† π©π‘πΎπ―π‘π‘†:
48e82ecf3,"6 ππ‘πΌ π‘„ π‘‰π―π‘‹π‘π²π‘π» π»π³πΏ πΈπ®π‘† π‘…π²π‘‰π‘‚π²π‘π»π‘…, π°π‘πΌ π―π‘π»π‘‰π¨π»π―πΌ"
48ebe4a39,π°π‘πΌ π‘€π®π‘‚π‘ π»π­ π‘„ πΉπ­π‘‰.
48f5d84fd,30 ππ‘πΌ π‘„π―π‘ π‘‡π°π‘ π°πΉπ¨π‘‰ π‘„ π‘…π΄π‘ π±π‘‚ π‘„ ππ²π‘π±π‘‚ π‘‹π°π‘ π®π‘ πΈπ―π‘‚π‘:
49d79bfc6,"11 ππ‘πΌ π‘‹π―π‘π® π‘π«π‘π‘… πΉπ‘‰π±π‘π―π»π‘… π‘‡π°π‘ π‘‰π΄π‘†, π°π‘πΌ π‘‡π°π‘ πΌπ¨π‘…π¨π‘‚ π‘‹π―π‘π®:"
4a112b2f1,"38 ππ―π‘ π¶π²π‘‰ π‘„π©π‘‰ π»π­ π‘ƒπ¨π‘‚π‘† πΏπ‘‰π­π‘…π®π‘π΄πΌ π¶π®π‘„ πΈπ®π‘‹, π¶π²π‘ π±π‘"
4a4b9a051,11 π’π²π» πΈπ¨ π‘„π°π» π®π‘† π‘€π‘‰π©π»π―π‘…π» π°π‘‹π²π‘ π·π­ π‘‡π°π‘ πΊ π·π­π‘‰ π‘…π²π‘‰π‘‚π²π‘π».
4a805be4d,ππ‘πΌ π–π¨π‘†π²π‘… π°π‘π‘…π―π‘‰πΌ π°π‘πΌ π‘…πΉπ©πΏ π²π‘π»π­ π‘„π―π‘‹ π°π‘€π―π‘
4adaad3ad,"π¶π®π‘ πΈπ°π‘‚ πΈπ®π‘‹: π‘π«π‘‰ πΈπ¨ π‘…π―πΌ, π π°π‘‹ π‘„ ππ²π‘ π±π‘‚ ππ±πΌ."
4ade61734,"π²π‘π»π­ πΈπ®π‘‹, π’π¨π‘π¬π‘‰ π‘„ πΏπ±πΏ πΏπ‘‰π¬, π‘„πµ π‘‡π°π‘π» πΌπ¨π‘π΄ π‘‹ π‘ƒπ‘‰π΄π‘…. ππ‘πΌ πΈπ¨ π¶π―π‘"
4b208603d,π²πΉ π‘„π©π‘‰ π‘…π®π»π®.
4b6eeec0a,"15 ππ¬ π‘„π© π»π³πΏ π‘„ π‘‹π²π‘π®, π°π‘πΌ πΌπ®πΌ π°π‘† π‘„π© π¶π²π‘‰ π»π«π»: π°π‘πΌ π‘„π®π‘…"
4bb453024,"42 ππ©π®π‘, ππ¶π±π» π‘ƒπ®π‘πΏ π· π±π‘‚ π—π‘‰π΄π‘…π»? πΈπ­π‘† π‘…π²π‘ π®π‘† πΈπ¨?"
4be9aca89,"π±πΏπ‘…π‘ π°π‘πΌ π‘‹π΄ π‘π°π»π‘π®π‘π‘† ππ‘‰ πΏπ®π‘πΌ, π°π‘πΌ π«π‘ π‘ƒπ®π‘π‘† ππ‘‰ π‘‰π―πΌπ®: πΏπ²π‘‹ π²π‘π»π­"
4c28a5dfd,"19 Β¶ ππ¬ π· π‘„π©π‘‰π‘π¬π‘‰, π°π‘πΌ π»π¨π½ π«π‘ π‘π©π‘‡π²π‘π‘†, πΊπ°πΉπ»π΄π‘†π®π‘ π‘„π―π‘‹"
4c8517e4a,"26 ππ¶π©π‘‰π‘π¬π‘‰ π®π‘ π‘„π© π‘‡π°π‘ π‘…π© π²π‘π»π­ π·π­, π’π¨πΈπ¬π‘πΌ, πΈπ¨ π®π‘† π®π‘ π‘„"
4d45f9514,π‘„π―π‘‹ πΈπ®π‘† π‘€π³πΌπ‘†.
4e6f14cc6,"3 ππ‘πΌ πΏπ©π‘‹ πµπ» π±π‘‚ π‘„ π‘€π‘‰π©π‘‚π‘† ππ‘π»π―π‘‰ πΈπ®π‘† π‘‰π―π‘†π²π‘‰π―πΏπ‘‡π²π‘, π°π‘πΌ"
4eac80d2e,"π”π¨πΉππ‘‰π» π‘π‘‰π±π‘‹ π‘‹π¨, π· πΏπ²π‘‰π‘…π―πΌ, π®π‘π»π­ π―π‘‚π―π‘‰π‘ππ‘…π»π®π‘ π‘π΄π‘‰, πΉπ‘‰π¨πΉπ©π‘‰πΌ π‘π«π‘‰"
4eef31e37,"33 ππ‘πΌ πΈπ¶π―π‘ π‘„π© π¶π²π‘‰ πΏπ‘‹ π²π‘π»π­ π πΉπ‘π©π‘… πΏπ«π‘πΌ ππ±π‘π‘€π¬π‘ƒπ,"
4f91432d0,"π πΏπ‘π¨π‘ π‘π®π‘π―π‘ πΏπ‘π±π‘ƒ,"
4fb0a69eb,"π†π‘ π‘„ π―π‘πΌ π±π‘‚ π‘„ π‘…π°πΊπ²π‘ƒ, π°π‘† π®π» πΊπ¨π‘€π°π‘ π»π­ πΌπ«π‘ π»π¬π²π‘‰πΌ"
4fe6681ee,"31 Β¶ ππ¶π―π‘ π‘„ ππ²π‘ π±π‘‚ π‘‹π°π‘ π‘‡π°π‘ πΏπ²π‘‹ π®π‘ πΈπ®π‘† π‘€πΏπ‘‰π®,"
4ff14c39c,"65 ππ―π‘ π‘„ πΈπ΄ πΉπ‘‰π¨π‘…π» π‘‰π―π‘π» πΈπ®π‘† πΏπ‘π¬π‘„π‘†, π‘…π©π®π‘, ππ¨ πΈπ°π‘ƒ"
50195c348,"π°π‘πΌ π‘π³π», π°π‘πΌ π»π©πΏ πΈπ®π‘‹ π°πΏπ©, π°π‘πΌ πΏππ‘…π» πΈπ®π‘‹ π®π‘π»π­ πµπ»π―π‘‰ πΌππ‘‰πΏπ‘π―π‘…"
508503706,π»π―πΌ π‘‹π¨.
509172fa9,"55 ππ‘πΌ π‘‹π―π‘π® π¶π®π‘‹π®π‘ π¶π²π‘‰ π‘„π©π‘‰ πΊπ¨πΈπ¬π‘πΌπ®π‘ π°π‘ππ‘‰ π±π‘, πΈπ¶π®π½"
5092d08dd,"5 π’π²π» π‘„π© π‘‹π©πΌ π‘π΄π» π±π‘‚ π®π», π°π‘πΌ π¶π―π‘π» π‘„π©π‘‰ π¶π©π‘†,"
50eb87caf,"π‘…π©π®π‘, π“π­ πΈπ¶π±π» πΉπ²π‘‰πΉπ²π‘… π®π‘† π‘„π®π‘… π¶π©π‘…π»?"
513f4ef8a,"5 ππ‘πΌ π‘π¨π»π―π‘‰ π‘‰π¨π‘‹π―π‘‹πΊπ―π‘‰πΌ π‘„ π¶π²π‘‰πΌ π±π‘‚ π–π¨π‘†π²π‘…, πΈπ¶π®π½ π‘…π―π‘†,"
516fc8538,"9 Β¶ ππ‘πΌ π°π‘† π‘„π© π¶π―π‘π» π»π­ π»π―π‘ πΈπ®π‘† πΌπ®π‘…π΄πΉπ‘π‘†, πΊπ¨πΈπ¬π‘πΌ, π–π‘†π²π‘…."
5198eec6f,π―π‘…πΏπ©πΉ π‘„ πΌπ°π‘‹π‘π©π‘‡π²π‘ π±π‘‚ πΈπ―π‘?
51b905930,"11 ππ‘πΌ π‘„π©π‘‰ π¶π±π‘† π£π©π‘‰π® π£π°π‘€πΌπ°π‘π¨π‘π¨, π°π‘πΌ π‘„ π²π‘„π―π‘‰ π£π©π‘‰π®,"
51c0f9bee,π­π‘π±π‘‰ π¬π‘‚π―π‘‰ π«π‘ πΈπ®π‘† π‘€π³πΌπ‘†.
520a29bdd,24 ππ―π‘ πΈπ¨ πΈπ¶π®π½ πΈπ°πΌ π‘‰π¨π‘…π¨π‘‚πΌ π‘„ π¶π²π‘ π»π°π‘π―π‘π» πΏπ©π‘‹ π°π‘πΌ
520d5e0de,"π°π‘πΌ π‘‡π°π‘ π‘‡π¬ π‘€π‘‰π©π» π‘…π΄π‘π‘† π°π‘πΌ π¶π²π‘πΌπ―π‘‰π‘†; π®π‘π‘…π¬π‘‹π²π½ π‘„π°π», π®π‘ π®π» π¶π²π‘‰ πΉπ±π‘…π®πΊπ‘,"
52d753b7b,π¶π¨ πΉπ‘‰π¨πΉπ©π‘‰ π‘π«π‘‰ π‘„ π»π­ π¨π» π‘„ πΉππ‘…π¬π‘‚π―π‘‰?
532a1cb26,π—π‘‰π΄π‘…π».
53f1a4447,π•ππ‘π“π‡π΅ XXIV.
54b539628,π–π‘‰ π· πΏπ²π‘‹ πµπ» π°π‘† π°π‘€π―π‘π‘…π» π π‘ƒπ¨π‘ π¶π®π‘„ π‘…π¬π‘‰πΌπ‘† π°π‘πΌ π‘…π»π©π‘‚π‘† π‘π«π‘‰ π»π­ π»π©πΏ
54b65bf51,"37 ππ―π‘ π‘‡π°π‘ π‘„ π‘‰π΄π½π²π‘… π°π‘π‘…π―π‘‰ πΈπ®π‘‹, π‘…π©π®π‘, πΆπ«π‘‰πΌ, πΈπ¶π―π‘ π‘…π«"
551847ad0,πΈπ®π‘† π¶π΄π‘ π²π‘π»π­ πΈπ®π‘† πΊπ‘‰π²π‘„π―π‘‰:
555e1ba1c,"π‘‹π΄ πΊπ‘‰π―π‘„π‘‰π―π‘ π‘„π°π» π‘„π© π‘€π¬ π®π‘π»π­ ππ°π‘π®π‘π¨, π°π‘πΌ π‘„π©π‘‰ π‘‡π°π‘ π‘„π© π‘…π¨ π‘‹π¨."
55aec2324,πΊπ²π» π‘„ π‘‰π΄π½π²π‘… π®π‘π»π­ π‘π΄π‘ π¨π»π²π‘‰π‘π²π‘.
55e3b9338,"π‘π¬π‘ π®π‘ πΈπ¶π±π» π¶π±π½ π‘„ π‘ƒπ¨π‘ π¶π³πΌ πΏπ²π‘‹, πΈπ¨ π¶π³πΌ πΈπ°π‘‚ π¶π±π½π», π°π‘πΌ"
56d17a655,"47 ππ―π‘‰π®π‘π® π π‘…π© π²π‘π»π­ π·π­, ππ°π» πΈπ¨ π‘‡π°π‘ π‘‹π©πΏ πΈπ®π‘‹"
56d4a8375,π‘„ π¶π²π‘‰π‘πΌ π‘π«π‘‰ π π¶π®π»π‘π―π‘… π²π‘π»π­ π«π‘ π‘π©π‘‡π²π‘π‘†; π°π‘πΌ π‘„π―π‘ π‘‡π°π‘ π‘„ π―π‘πΌ πΏπ²π‘‹.
573c3fb0b,"38 ππ―π‘ π‘…π―π‘ƒ πΈπ¨ π²π‘π»π­ π‘„π―π‘‹, π£π΄ π‘…π¬π‘ π®π‘† π―πΏπ‘…π¨πΌπ®π‘ π‘…π±π‘‰π¬π‘π²π‘, π¨π‘‚π‘"
57afc07a9,"π°πΊπ®, π΅π°πΊπ®."
57ecad394,"36 π£ππ‘…π»π―π‘‰, πΈπ¶π®π½ π®π‘† π‘„ π‘€π‘‰π©π» πΏπ²π‘‹π°π‘πΌπ‘‹π―π‘π» π®π‘ π‘„"
58e6eaf3c,"28 π™π«π‘‰ π‘„π®π‘… π®π‘† π‘‹π΄ πΊπ‘π²πΌ π±π‘‚ π‘„ π‘π®π­ π»π―π‘…π»π°π‘‹π―π‘π», πΈπ¶π®π½ π®π‘† π¬π―πΌ"
58fbce2cc,"π¶π®π‘πΌπ‘†, π‘π‘‰π±π‘‹ π¶π²π‘ π―π‘πΌ π±π‘‚ πΈπ―π‘‚π‘ π»π­π‘„π°π‘…π²π‘„π―π‘‰."
594ebe87a,"π‘ƒπ²π‘‰π»π® πΉπ¨π‘…π―π‘† π±π‘‚ π‘…π®π‘π‘‚π―π‘‰ π»π­ π‘„ π½π¨π‘ πΉπ‘‰π¨π‘…π»π‘… π°π‘πΌ π―π‘πΌπ―π‘‰π‘†,"
59547b092,πΈπ®π‘‹.
596ea4730,"28 π€π‘‚π‘ π‘…π¬ π· π«π‘π‘…π¬ πµπ»π¶π²π‘‰πΌπ‘π® π°πΉπ¨π‘‰ π‘‰π΄π½π²π‘… π²π‘π»π­ π‘‹π―π‘, πΊπ²π»"
5970b7f05,"8 ππ‘πΌ π‘„ π‘π­π‘π®π¬ π‘…π―πΌ π²π‘π»π­ π‘„π©π‘‰ π¶π΄π‘†, ππ®π‘‚ π²π‘… π±π‘‚ π·π­π‘‰"
59cd51cf1,"π· π‘‡π²π» π²π»πΉ π‘„ πΏπ®π‘‰πΌπ²π‘‹ π±π‘‚ πΈπ―π‘‚π‘ π°π‘€π―π‘π‘…π» π‘‹π―π‘: π‘π«π‘‰ π· π¨π‘„π―π‘‰ π‘€π¬ π®π‘ π·π­π‘‰π‘…π―π‘π‘‚π‘†,"
5a0fdfe9f,"62 Β¶ π¤πµ π‘„ π‘π―πΏπ‘…π» πΌπ©, π‘„π°π» π‘π±π‘π¬πΌ π‘„ πΌπ© π±π‘‚ πΉπ‘‰π―πΉπ°π‘‰π©π‘‡π²π‘,"
5a491d464,12 ππ‘πΌ πΈπ­π‘…π¬π―π‘‚π―π‘‰ π‘‡π°π‘ π―π‘€π‘†π«π‘π» πΈπ®π‘‹π‘…π―π‘π‘ π‘‡π°π‘ πΊ π°πΊπ©π‘…π»; π°π‘πΌ
5a99e4501,π‘„ π‘‰π­π‘π―π‘‰ π¬π‘‚π―π‘‰ π‘‹π―π‘π® π‘ƒπ®π‘π‘†: π―π‘π»π―π‘‰ π‘„πµ π®π‘π»π­ π‘„ πΎπ±π® π±π‘‚ π‘„π΄ π‘π«π‘‰πΌ.
5afaf9d9a,π‘„πµ π‘‰π¨π‘€ππ‘‰πΌπ―π‘…π» π‘π±π» π‘„ πΉπ²π‘‰π‘…π‘ π±π‘‚ π‘‹π―π‘.
5b004df3b,"10 ππ¶π―π‘ π–π¨π‘†π²π‘… π²π‘πΌπ―π‘‰π‘…π»π³πΌ π®π», πΈπ¨ π‘…π―πΌ π²π‘π»π­ π‘„π―π‘‹, ππ¶π‘‰."
5b1b6a811,"π‘‡π°π‘ π‘π«π‘ π‘π‘‰π±π‘‹ πΈπ―π‘‚π‘, π°π‘πΌ π‘„ πΉπµπ‘‰π‘† π±π‘‚ π‘„ πΈπ―π‘‚π‘π‘† π‘‡π°π‘ πΊ π‘‡π©πΏπ‘:"
5bddd5375,"πΏπ®π‘, πΈπ¶π®π½ π‘‹π©πΌ π π‘‹π°π‘‰π―πΎ π‘π«π‘‰ πΈπ®π‘† π‘…π²π‘."
5c71bae2e,π±π‘‚ π‘…π®π‘π‘‚π―π‘‰.
5c799c1ed,"6 ππ‘‹π²π‘ πΈπ¶π®π½ π¶π±π‘† π£π©π‘‰π® π£π°π‘€πΌπ°π‘π¨π‘π¨, π°π‘πΌ π£π©π‘‰π® π‘„ π‘‹π²π‘„π―π‘"
5c8c99548,"πΈπ®π‘‹ π°π‘πΌ πΉπ³π» πΈπ®π‘† π¬π‘ π‘‰π©π‘‹π―π‘π» π±π‘ πΈπ®π‘‹, π°π‘πΌ π‘π―πΌ πΈπ®π‘‹ π°π¶π© π»π­ πΏπ‘€π‘…π®π΄ πΈπ®π‘‹."
5cf138470,"π°π‘π²π‘„π―π‘‰, π°π‘πΌ π‘‡π°π‘ πΈπ©π» π¶π²π‘ π°π‘π²π‘„π―π‘‰."
5d2c9e7b4,"11 π‚π‘π»π―π‘‰π¶π²π‘‰πΌ πΏπ©π‘‹ π«π‘π‘…π¬ π‘„ π²π‘„π―π‘‰ π‘‚π²π‘‰πΎπ®π‘π‘†, π‘…π©π®π‘, πΆπ«π‘‰πΌ, π™π«π‘‰πΌ,"
5d7c11c40,π°π‘πΌ πΊπ¨π‘€π°π‘ π»π­ πΊ π‘…π±π¬π«π‘ π°π‘πΌ π‘‚π―π‘‰π® πΈπ―π‘‚π®.
5d93dd815,πΈπ¬π‘πΌ π±π‘ π‘‹π¨.
5df80ee98,"π±π‘‚ π‘„ π»π―π‘‹πΉπ‘, πΈπ¨ π®π‘† π πΌπ―π»π²π‘‰!"
5e7671773,"π®π‘ π‘„ π‘π©π‘‹ π±π‘‚ π‘„ π™ππ‘„π―π‘‰, π°π‘πΌ π±π‘‚ π‘„ ππ²π‘, π°π‘πΌ π±π‘‚ π‘„ ππ¬π‘π® ππ¬π‘…π»:"
5f3fec9be,"28 π“π©πΏ π‘„π©π‘‰π‘π¬π‘‰ π‘„ π»π°π‘π―π‘π» π‘π‘‰π±π‘‹ πΈπ®π‘‹, π°π‘πΌ π‘€π®π‘‚π®π» π²π‘π»π­"
5fc6b76b7,π°π‘πΌ π‘„ ππ²π‘ π±π‘‚ π‘‹π°π‘ π®π‘† πΊπ¨π»π‘‰π©πΌ π»π­ πΊ πΏπ‘‰π­π‘…π®π‘π΄πΌ.
60e87a62e,"π‘π±π» π‘π«π‘‰ πΈπ®π‘‹, π°π‘πΌ π®π‘ π°π‘ πµπ‘‰ π‘„π°π» πΈπ¨ π®π‘† π‘π±π» π°π¶π©π‘‰ π±π‘‚,"
6112d0789,"πΊ πΏπ‘‰π­π‘…π®π‘π΄πΌ,."
620f7666c,"21 π π‘€π²π‘‚π―π‘‰π‘π²π‘‰ π°π‘π‘…π―π‘‰πΌ π°π‘πΌ π‘…π―πΌ π²π‘π»π­ π‘„π―π‘‹, ππ¶π―π‘„π―π‘‰--π‘…"
62dc2aeaa,"πΏπµπ‘π‘…π―π‘, π‘„π© π‘€π©π‘‚π‘ππ‘‰πΎ π‘‹π²π‘π® π²π‘π»π­ π‘„ π‘…π¬π‘πΎπ―π‘‰π‘†,"
632cd8bdf,"π¶π²π‘ π»π­ πΈπ®π‘† π‘ππ‘‰π‘‹, π°π‘π²π‘„π―π‘‰ π»π­ πΈπ®π‘† π‘‹π²π‘‰π½π²π‘πΌπ΄π‘†:"
64af3b8e7,π‘„π©π‘‰ π‘‡π°π‘ πΊ π¶π¨πΉπ®π‘ π°π‘πΌ π‘π°π‘‡π®π‘ π±π‘‚π‘ƒ.
64f07e2eb,"π‘…πΉπ¬πΏπ‘ πΊπ‘π°π‘…π‘π¨π‘‹π®; πΈπ¶π±π» π‘π²π‘‰π‘„π―π‘‰ π‘π¨πΌ πΈπ°π‘‚ π¶π¨ π±π‘‚ π¶π®π»π‘π―π‘…π―π‘†? πΊπ¨πΈπ¬π‘,"
654db40a3,"12 ππ‘πΌ πΈπ¶π―π‘ π‘„π© π¶π²π‘‰ π°π‘…π―π‘‹πΊπ‘πΌ π¶π®π‘„ π‘„ π―π‘πΌπ―π‘‰π‘†, π°π‘πΌ πΈπ°πΌ π»π©πΏπ‘"
6554e8144,"π°π» π®π‘ π‘ƒπ‘‰π¨ πΌπ©π‘†, π‘…π©π‘‚ π‘„π΄π‘…π―π‘π‘. π†π‘ π‘„πµ πΊ π‘„ ππ²π‘π±π‘‚ ππ±πΌ, πΏπ²π‘‹"
657e71993,"π‘‹π¨ π‘π΄π‘‚ π»π°π‘π―π‘π»π‘†: πΊπ¨πΈπ¬π‘πΌ, π πΈπ°π‘‚ π‘€π©π‘πΌ πΌπ¨π‘…π΄πΌ π‘„π―π‘‹ π‘π΄π‘‚ π»π°π‘π―π‘π»π‘…"
6580bacf6,"π‘€π®π‘‚π‘ π®π‘ π‘‹π°π‘‰π―π‘…, πΊπ²π» ππ‘‰ π°π‘† π‘„ π©π‘πΎπ―π‘π‘† π±π‘‚ ππ±πΌ π®π‘ πΈπ―π‘‚π‘."
667aca7da,"3 ππ®π‘† πΏπµπ‘π»π¨π‘π²π‘π‘… π¶π±π‘† π‘π΄πΏ π‘π΄π»π‘π®π‘, π°π‘πΌ πΈπ®π‘† π‘‰π©π‘‹π―π‘π»"
6745d5cf9,"17 ππ©π‘‰π‘π¬π‘‰ πΈπ―π‘ π‘„π© π¶π²π‘‰ π‘€π°π‘„π―π‘‰πΌ π»π³π‘€π―π‘„π―π‘‰, π‘π΄π‘π²π»"
67c01c985,"π‘„π―π‘‹ π»π­ π‘…π© π²π‘π»π­ πΈπ®π‘‹, πΆπ«π‘‰πΌ, π®π‘† π®π» π?"
67cbe1ea8,"4 ππ―π‘ πΊπ¨π‘€π°π‘ πΈπ¨ π»π­ πΏπ²π‘‰π‘… π°π‘πΌ π»π­ π‘…π¶π©πµπ‘‰, π‘…π©π®π‘, π π‘π¬ π‘π±π»"
67cc5edfd,π‘…π°π» π°π» π‘‹π¨π».
67d24e69d,"474 ππ²π‘‹ π±π‘‚ π‘„π―π‘‹ π‘„π°π» π‘…π»π³πΌ π‘„π©π‘‰, πΈπ¶π―π‘ π‘„π© πΈπ²π‘‰πΌ π‘„π°π», π‘…π―πΌ, ππ®π‘…"
67eca94f3,π°π‘πΌ π²π‘π»π­ ππ±πΌ π‘„ π‘ƒπ®π‘π‘† π‘„π°π» ππ‘‰ ππ±πΌπ‘†
68368afc6,"π‘…π« π‘„π°π» πΈπ¨ π¶π±π‘† πΏπ²π‘πΌπ―π‘‹πΌ, π‘‰π¨πΉπ―π‘π»π―πΌ πΈπ®π‘‹π‘…π―π‘π‘, π°π‘πΌ πΊπ‘‰π«π» π°π‘€π―π‘ π‘„"
684730f26,"23 Β¶ π π‘…π©π‘‹ πΌπ© πΏπ©π‘‹ π»π­ πΈπ®π‘‹ π‘„ ππ°πΌπ®π­π‘…π¨π‘†, πΈπ¶π®π½"
68c77a972,π‘‡π¨πΉ π‘π‘‰π±π‘‹ π‘„ π‘€π¬π»π‘…:
68d678b9e,8 ππ―π‘ π‘…π―π‘ƒ πΈπ¨ π»π­ πΈπ®π‘† π‘…π²π‘‰π‘‚π²π‘π»π‘… π π¶π―πΌπ®π‘ π®π‘†
68dcbeec8,"π π»π‘‰π²π‘‹πΉπ―π», π°π‘πΌ π‘„π© π‘‡π°π‘ π‘€π°π‘„π―π‘‰ π»π³π‘€π―π‘„π―π‘‰ πΈπ®π‘† π¨π‘π―πΏπ» π‘π‘‰π±π‘‹ π‘„ π‘π¬π‘‰"
68e61bf71,"35 ππ―π‘‚π‘ π°π‘πΌ π²π‘‰π‘ƒ π‘‡π°π‘ πΉππ‘… π°π¶π©, πΊπ²π» π‘‹π΄ π¶π²π‘‰πΌπ‘† π‘‡π°π‘ π‘π±π»"
68eb3dba5,"π»π―π‘‹πΉπ‘ π±π‘‚ ππ±πΌ, π°π‘πΌ π»π­ πΊπ®π‘πΌ π®π» π®π‘ π‘ƒπ‘‰π¨ πΌπ©π‘†."
693890452,π·π―π».
6962066b7,"9 π™π«π‘‰ π‘„π®π‘… π±π®π‘π»π‘‹π―π‘π» π‘‹π΄π» πΈπ°π‘‚ πΊπ®π‘ π‘…π¬π‘πΌ π‘π«π‘‰ π‘‹π²π½,"
699b4b2af,"πΉπ°π‘π―π‘…, π°π‘πΌ π¶π―π‘π» π®π‘, π°π‘πΌ π‘…π°π» π¶π®π‘„ π‘„ π‘…π²π‘‰π‘‚π²π‘π»π‘…, π»π­ π‘…π¨ π‘„ π―π‘πΌ."
69baace2f,"26 ππµ πΊπ‘π΄π‘πΌ π™π°π‘‰π®π‘…π¨, πΏπ‘π―π‘π‘† π‘π²π‘‰π‘…π» π‘„π°π» πΈπ¶π®π½ π®π‘†"
69bcdc6bb,38 π™π«πΌ π°π‘† π®π‘ π‘„ πΌπ©π‘† π‘„π°π» π¶π²π‘‰ πΊπ¨π‘π¬π‘‰ π‘„ π‘π‘π²πΌ π‘„π© π¶π²π‘‰
6a36c9ac7,πΊπ―π‘‰π® π‘…π»π‘‰π©π‘πΎπ―π‘‰π‘† π®π‘.
6a4c00325,π°π‘πΌ π»π­ π°π‘π²π‘„π―π‘‰ π¶π²π‘; π»π­ π―π‘‚π―π‘‰π® π‘‹π°π‘ π°πΏπ«π‘‰πΌπ®π‘ π»π­ πΈπ®π‘† π‘…π―π‘‚π―π‘‰π²π‘ π°πΊπ®π‘π®π»π®
6ae3fd6f3," ππ―π‘ π«π‘ π‘„π¬π‘† π‘‚π²π‘‰πΌπ®π‘π‘† π°π‘‰π«π‘†, π°π‘πΌ π»π‘‰π®π‘‹πΌ π‘„π©π‘‰ π‘π°π‘‹πΉπ‘…."
6b204f944,"45 ππ­ π‘„π―π‘ π®π‘† π π‘π©π‘ƒπ‘π³π‘ π°π‘πΌ π¶π΄π‘† π‘…π²π‘‰π‘‚π²π‘π», πΈπ­π‘‹ πΈπ®π‘†"
6b7785f1a,π·π¨π‘πΌπ―πΌ π²πΉ π‘„ π‘€π¬π‘…π».
6ca355c2f,"π‘„ πΌπ®π‘…π΄πΉπ‘π‘† πΏπ©π‘‹ π»π­ π–π¨π‘†π²π‘…, π‘…π©π®π‘ π²π‘π»π­ πΈπ®π‘‹, ππ¶π©π‘‰ π¶π®π‘π» π‘„πµ π‘„π°π»"
6cc8b9162,"6 ππ‘πΌ π°π» π‘‹π®πΌπ‘π΄π» π‘„π©π‘‰ π¶π±π‘‚ π πΏπ‘‰π΄ π‘‹π©πΌ, π’π¨πΈπ¬π‘πΌ, π‘„"
6d3fb7991,"13 ππ―π‘ π‘…π―πΌ π‘„ πΏπ®π‘ π»π­ π‘„ π‘…π²π‘‰π‘‚π²π‘π»π‘…, π’π΄π‘πΌ πΈπ®π‘‹ πΈπ°π‘"
6e0c3f174,"49 ππ‘πΌ π‘‡π°π‘ πΊπ¨π‘€π®π‘ π»π­ π‘…π‘‹π΄π» πΈπ®π‘† π‘π―π‘π¬ π‘…π²π‘‰π‘‚π²π‘π»π‘…, π°π‘πΌ"
6ea10f6c8,π‘‡π¨ πΌπ®πΌ π®π» π‘π«π‘‰ π‘‹π΄ πΊπ―π‘‰π®π²π‘.
6ee645865,"πΈπ°π‘…π» π‘π±π» π‘…π¬π‘, π°π‘πΌ π‘€π°π‘„π―π‘‰π®π‘ πΈπ¶π©π‘‰ π‘„πµ πΈπ°π‘…π» π‘π±π» π‘…π»π‘‰π­πΌ:"
6ef68e360,"π· ππ‘‰ π‘π΄πΏ π²π‘π»π­ πΈπ¶π΄π»π―πΌ π‘…π―πΉπ²π‘πΏπ―π‘‰π‘†, πΈπ¶π®π½ π®π‘πΌπ¨πΌ π°πΉπ¨π‘‰ πΊπ®π­π»π®π‘π³π‘ πµπ»π¶π²πΌ,"
6f2ae474d,"π°π‘πΌ π‘„π―π‘ π‘‡π°π‘ π«π‘ π‘„ π»π‘‰π΄πΊπ‘† π±π‘‚ π‘„ π²π‘‰π‘ƒ π‘‹π¬π‘‰π‘, π°π‘πΌ π‘„π© π‘‡π°π‘ π‘…π¨ π‘„ ππ²π‘ π±π‘‚"
6f4e1a72d,"16 πΆπ¬ π²π‘π»π­ π·π­, π· πΊπ‘π΄π‘πΌ π‘€π΄πΌπ‘†, πΈπ¶π®π½ π‘…π©, ππ­π‘…π¬π―π‘‚π―π‘‰ π‘‡π°π‘†π‘"
6f7e787ce,"37 ππ‘πΌ π‘…π―π» π²πΉ π¬π‘‚π―π‘‰, πΈπ®π‘† πΈπ―πΌ πΈπ®π‘† π°πΏπ®π­ π‘†π©π‘‡π²π‘ π‘‰π®π»π‘, ππ†π."
705857e96,π¬πΉπ‘ π»π­ π²π‘….
7065d4c3a,π‘π«π‘‰ π πΈπ°π‘‚ π‘…π²π‘π―π‘‰πΌ π‘‹π―π‘π® π‘ƒπ®π‘π‘† π‘„π®π‘… πΌπ© π®π‘ π πΌπ‘‰π¨π‘‹ πΊπ¨πΏπ«π‘† π±π‘‚ πΈπ®π‘‹.
70d208cf0,π‘„π―π‘‹; π°π‘πΌ π‘„π© π‘‹π©πΌ π‘‰π―πΌπ® π‘„ πΉππ‘…π¬π‘‚π―π‘‰.
70d51e75f,"π©π‘πΎπ―π‘‰π‘†, π°π‘πΌ π‘„π―π‘ π°π» π‘‹π΄ πΏπ²π‘‹π®π‘ π π‘‡π³πΌ πΈπ°π‘‚ π‘‰π¨π‘…π¨π‘‚πΌ π‘‹π΄π‘ π¬π‘ π¶π®π‘„"
711f50c9d,πΈπ®π‘‹ π»π­π‘π¬π‘πΌ π‘‹π¬π‘‰ π‘„ π½π΄π‘πΌ π±π‘‚ πΈπ―π‘ π‘„π°π‘ π·π­π‘‰π‘…π―π‘π‘‚π‘†.
71c092b70,30 ππ‘πΌ πΏππ‘…π» π· π‘„ π²π‘πΉπ‘‰π±π‘π®π»π°πΊπ‘ π‘…π²π‘‰π‘‚π²π‘π» π®π‘π»π­ πµπ»π―π‘‰ πΌππ‘‰πΏ=
71f5f0f63,"π‘π±π» π‘π¬π®π‘ π‘„ ππΏπ‘‰π®πΉπ»π·π­π‘‰π‘…, π‘π«π‘‰ π‘„ πΉπµπ‘‰ π±π‘‚ ππ±πΌ."
722731cf4,"28 ππ‘πΌ π‘„π© π‘…π»π‘‰π®π»π» πΈπ‘‹, π°π‘πΌ πΉπ³π» π±π‘ πΈπ¨ π π‘…πΏππ‘‰π‘π‘‰π‘ π‘‰πΌ."
7352b874e,π«π‘ π‘„ π‘π°π‘πΌ π²π‘π»π­ π‘„ π‘π΄π‘π‘ƒ πµπ‘‰.
73e0dea77,"33 ππ¬ π‘π΄πΏπ¶π΄π‘† π·, πΈπ¶π―π‘ π· π‘‡π°π‘ π‘…π¨ π«π‘ π‘„π¨π‘† π‘ƒπ®π‘π‘†, π‘π¬ π‘„π°π» π®π»"
75d699ad2,"π°π‘πΌ π· πΏπ‘π¬π‘„πΌ π‘‹π¨ π‘π±π»: π‘…π®πΏ, π°π‘πΌ π®π‘ πΉπ‘‰π®π‘†π‘, π°π‘πΌ π· π‘‚π®π‘†π®π»π―πΌ π‘‹π¨ π‘π±π»."
760617732,"π¶π±π½π®π‘ π–π¨π‘†π²π‘…, π‘…π« π‘„ π²π‘‰π‘ƒπΏπ¶π©πΏ, π°π‘πΌ π‘„π¬π‘† π‘ƒπ®π‘π‘† π‘„π°π» π¶π²π‘‰ πΌπ²π‘, π‘„π© π‘π¨π―π‘πΌ,"
762a3bf0f,"10 π¤π¨π‘„π―π‘‰ πΊ π· πΏπ«π‘πΌ π‘‹ππ‘…π»π―π‘‰π‘†: π‘π«π‘‰ π¶π²π‘ π®π‘† π·π­π‘‰ π£ππ‘…π»π―π‘‰, π¨π‘‚π‘"
765cc9009,"19 π π‘π­π‘π‘† π°π‘πΌ πΊπ‘π΄π‘πΌ: π‘π«π‘‰ πΈπ¶π―π‘„π―π‘‰ π®π‘† π‘€π‘‰π©π»π―π‘‰, π‘„ π‘€π®π‘π»,"
7665df8c6,"ππ‘…πΏπ» π‘„π―π‘‹,"
76dec7ef8,"π· πΊπ®π‘πΌ π‘„ π»π­π‘‹π‘† π±π‘‚ π‘„ πΉπ‘‰π±π‘π―π»π‘…, π°π‘πΌ π‘€π‘‰π‘π®π‘‡ π‘„π―πΉπ²π‘πΏπ―π‘‰π‘† π±π‘‚ π‘„ π‘‰π΄π½π²π‘…, π‘„"
76e62b032,"21 ππ®π‘† π‘ƒπ«π‘‰πΌ π‘…π―πΌ π²π‘π»π­ πΈπ®π‘‹, π™ππ―π‘ πΌπ²π‘, π‘„πµ π‘€π³πΌ π°π‘πΌ"
76eefb586,π·π­π‘‰π‘…π―π‘π‘‚π‘†.
779b365ca,"π‘…πΉπ®π‘‰π®π» π®π‘πΌπ¨πΌ π®π‘† π¶π®π‘π®π‘, πΊπ²π» π‘„ π‘π‘π―π‘‡ π®π‘† π¶π¨πΏ."
77b360665,"36 Β¶ π’π²π» π±π‘‚ π‘„π°π» πΌπ© π°π‘πΌ πµπ‘‰ π‘π¬π―π‘ƒ π‘π¬ π‘‡π°π‘, π‘π¬, π‘π±π» π‘„ π©π‘πΎπ―π‘‰"
7887836d2,π¶π±π‘† π‘‡π²π».
78d6e46d9,π‘…π®π­πΉπ―π‘‰π‘…πΏπ‘‰π®πΉπ‘‡π²π‘?
7903c3799,"6 ππ¶π±π» π‘ƒπ®π‘πΏ π·? ππ© π°π‘π‘…π―π‘‰πΌ π°π‘πΌ π‘…π―πΌ, ππ¨ π®π‘† π‘€π®π‘π»π® π±π‘‚"
792d70254,"46 π΅π΄π‘†, π‘π―π» π²π‘… πΊ π‘€π¬π®π‘: πΊπ¨πΈπ¬π‘πΌ, πΈπ¨ π®π‘† π°π» πΈπ°π‘πΌ π‘„π°π»"
796b4f8e0,"30 ππ‘πΌ πΈπ¶π―π‘ π‘„π© πΈπ°πΌ π‘…π²π‘ π°π‘ πΈπ®π‘‹, π‘„π© π¶π―π‘π» πµπ» π®π‘π»π­ π‘„"
79b3b6a4e,"π‘„ π¶π© π±π‘‚ ππ±πΌ π®π‘ π»π‘‰π­π‘ƒ, π‘π¨π‘„π―π‘‰ πΏπ©π‘‰π―π‘…π» π‘„πµ π‘π«π‘‰ π―π‘π® π‘‹π°π‘: π‘π«π‘‰"
7a4a38f1c,16 ππ―π‘ π‘π―π» π‘„π―π‘‹ πΈπ¶π®π½ πΊ π®π‘ π–π®π­πΌπ¨π π‘π‘π¨ π®π‘π»π­ π‘„ π‘‹πµπ‘π»π®π‘π‘†:
7a958f2ec,πΈπ¨ π‘„π°π» π‘‡π°π‘ πΈπ²π‘‹πΊπ‘ πΈπ®π‘‹π‘…π―π‘π‘ π‘‡π°π‘ πΊ π―π‘€π‘†π«π‘π»π―πΌ.
7b2237daf,"4 ππ‘πΌ πΏπ²π‘π‘…π²π»π»π―πΌ π‘„π°π» π‘„π© π‘‹π΄π» π»π©πΏ π–π¨π‘†π²π‘… πΊπ΄ π‘…π²π»π®π‘π»π®,"
7b52064e8,"π»π®π­πΌ π‘„π°π» π‘„π© π‘‡π³πΌ ππ‘…πΏ π’π°π‘‰π°πΊπ²π‘…, π°π‘πΌ πΌπ¨π‘…π»π‘‰π±π® π–π¨π‘†π²π‘…."
7bcbf43a9,15 ππ¶π―π‘ π· π‘„π©π‘‰π‘π¬π‘‰ π‘‡π°π‘ π‘…π¨ π‘„ π°πΊπ±π‘‹π®π‘π©π‘‡π²π‘ π±π‘‚ πΌπ―π‘…π¬π‘π©π‘‡π²π‘
7bf4926b3,π‘„π°π» π‘€π®π‘‚ π‘…π²πΏ π®π‘ π‘„π¬π‘† πΌπ©π‘†!
7c59a91dd,"π‘…π©π‘π»π‘… πΈπ¶π®π½ π‘…π‘π―πΉπ» π°π‘‰π¬π‘†,"
7c76b5b77,"π²π‘π»π­ π‘„π―π‘‹, π΅π―π‘πΌπ―π‘‰ π‘„π©π‘‰π‘π¬π‘‰ π²π‘π»π­ ππ¨π‘†π²π‘‰ π‘„ π‘ƒπ®π‘π‘† πΈπ¶π®π½ ππ‘‰ ππ¨π‘†π²π‘‰'π‘†"
7c7da7531,π‘„ π‘‹π°π‘‰π―πΎ.
7cb6f7c44,"39 ππ‘πΌ π‘„ π‘…π―πΏπ²π‘πΌ π®π‘† π‘π΄πΏ π²π‘π»π­ π®π», ππµ π‘‡π°π‘π» π‘π²π‘‚ π‘„π΄ π‘π©πΊπ²π‘‰"
7cfade0cc,"25 π¤πµ π‘„π©π‘‰ π¶π²π‘‰ π¶π®π‘„ π²π‘… π‘…π―π‘‚π‘ πΊπ‘‰π―π‘„π‘‰π―π‘: π°π‘πΌ π‘„ π‘π²π‘‰π‘…,"
7cfe6c05f,"13 ππ―π‘ π‘…π―πΌ π‘π΄π‘π²π» π²π‘π»π­ πΈπ®π‘‹, ππ¨π‘‰π―π‘…π» π‘„πµ π‘π±π» πΈπµ π‘‹π―π‘π®"
7d144b248,"π®π» π²πΉπ±π‘ πΈπ®π‘† πΈπ―πΌ, π°π‘πΌ ππ‘‰π¨πΌ π®π‘ πΈπ®π‘† π‘‰π΄π» πΈπ°π‘πΌ: π°π‘πΌ π‘„π© πΊπµπΌ π‘„ π‘π¨ πΊπ¨π‘π‘‰ πΈπ‘‹,"
7d61b13cc,"39 ππ‘πΌ π‘π®π­ π‘π±π» π²π‘π»π®π‘ π‘„ π‘π‘π²πΌ πΏπ©π‘‹, π°π‘πΌ π»π³πΏ π‘„π―π‘‹ π«π‘"
7da84412b,π±π‘‚ π‘„ π‘…π―π‘‚π‘? π‘π«π‘‰ π‘„π© π«π‘ πΈπ°πΌ πΈπ²π‘‰.
7dfbda81b,"15 ππ‘πΌ π²π‘π»π­ π¶π²π‘ πΈπ¨ π‘€π©π‘‚ π‘π΄π‘‚ π»π°π‘π―π‘π»π‘…, π»π­ π°π‘π²π‘„π―π‘‰ π»π­,"
7eb891eeb,"17 π’π²π» πΈπ¨ πΌπ¨π‘π΄πΌ πΊπ¨π‘π¬π‘‰ π‘„π―π‘‹ π«π‘, π‘…π©π®π‘, π π‘π¬ π‘π±π»"
7f85ac033,"π·π―π» π‘‚πµπ‘πΌ π‘„π© π‘π²π‘. ππ» π‘„ π‘ππ‘…π» πΏπ©π‘‹ π»π­ π‘π«π‘π‘… π¶π®π»π‘π―π‘…π―π‘†,"
803897452,12 ππ‘πΌ πΈπ¶π―π‘ πΈπ¨ π¶π±π‘† π°πΏπ®π­π‘†πΌ π±π‘‚ π‘„ π½π¨π‘ πΉπ‘‰π¨π‘…π»π‘… π°π‘πΌ
80772b0f2,π‘„ π²π‘„π―π‘‰ π‘π―π‘π».
80ad5cd5a,"π‘ƒπ²π‘‰πΌ π»π΄π‘‹, π‘…π©π®π‘ π‘„ π‘…π©π‘‹ π¶π²π‘‰πΌπ‘†."
80d823d1d,"41 ππ―π‘ π‘‡π°π‘ πΈπ¨ π‘…π© π«π‘π‘…π¬ π²π‘π»π­ π‘„π―π‘‹ π±π‘ π‘„ π‘π―π‘π» πΈπ°π‘πΌ,"
80de79597,π±π‘‚ π·π­ π‘‡π°π‘ πΊπ³π»π‘‰? π‘‹π¨
810e7c8ae,π–π¨π‘†π²π‘… πΈπ¶π®π½ π®π‘† πΏπ«π‘πΌ π—π‘‰π΄π‘…π»?
8119f16ec,π»π©πΏ πΈπ®π‘† πΏπ‘π¬π‘„π‘†.
816b8307a,"πΊ π±π‘ π²π‘…, π°π‘πΌ π±π‘ πµ π¬π‘πΌπ‘‰π―π‘."
818643180,πΌπµπ‘ π‘π‘‰π±π‘‹ π‘„ πΏπ‘‰π±π‘…
821dace01,"π‘…π© π²π‘π»π­ πΈπ®π‘‹, π π£ππ‘…π»π―π‘‰ π‘…π―π‘ƒ, π£π΄ π»π΄π‘‹ π®π‘† π°π» πΈπ°π‘πΌ; π π¶π®π‘ πΏπ¨πΉ"
8239117ab,"π‘„π―π‘‹ π‘…πΉπ΄π»π‘π³π‘π®, π°π‘πΌ π‘…π‘π®π­ π‘„π―π‘‹."
826eaa8d5,"π°π‘πΌ π‘…π―π‘ƒ π²π‘π»π­ π‘π¨π»π―π‘‰, ππ¶π―π», πΏπ³πΌ π· π‘π±π» π¶π±π½ π¶π®π‘„ π‘‹π¨ π¶π²π‘ πµπ‘‰?"
82f938613,"π‘π«π‘π‘… π¶π®π»π‘π―π‘… π°π‘€π―π‘π‘…π» π–π¨π‘†π²π‘…, π»π­ πΉπ³π» πΈπ®π‘‹ π»π­ πΌπ―π‘ƒ;"
82fb5a1d9,"3 ππ―π‘ π°π‘…π―π‘‹πΊπ‘πΌ π»π³π‘€π―π‘„π―π‘‰ π‘„ π½π¨π‘ πΉπ‘‰π¨π‘…π»π‘…, π°π‘πΌ π‘„ π‘…πΏπ‘‰π΄πΊπ‘†"
834158857,π¶π²π‘‰π‘πΌ. ππ‘‹π―π‘.
837d24b7a,"29 Β¶ ππ‘πΌ πΈπ¶π―π‘ π‘„π© πΈπ°πΌ πΉπ‘π°π»π―πΌ π πΏπ‘‰πµπ‘ π±π‘‚ π‘π«π‘‰π‘π‘†, π‘„π© πΉπ³π»"
839718636,"274 π—π²π‘‹π°π‘πΌ π‘„π©π‘‰π‘π¬π‘‰ π‘„π°π» π‘„ π‘…π―πΉπ²π‘πΏπ―π‘‰ πΊ π‘‹π©πΌ π‘‡π­π‘‰ π²π‘π»π®,"
83f2c7c10,π―π‘πΌπ―π‘‰π‘† π±π‘‚ π‘„ πΉπ¨πΉπ‘ π»π³πΏ πΏπµπ‘π‘…π―π‘ π°π‘€π―π‘π‘…π» π–π¨π‘†π²π‘… π»π­ πΉπ³π» πΈπ®π‘‹ π»π­
84180effc,2 π πΏπ®π‘πΌπ²π‘‹ π±π‘‚ πΈπ―π‘‚π‘ π®π‘† π‘π΄πΏ π²π‘π»π­ π π‘…π²π‘‰π»π®π‘
844187594,"23 ππ®π‘† π‘π«π‘‰πΌ π‘…π―πΌ π²π‘π»π­ πΈπ®π‘‹, πππ―π‘ πΌπ²π‘, π‘€π³πΌ π°π‘πΌ π‘π©π‘ƒπ‘π³π‘"
84a3e5281,27 ππ‘πΌ π‘ππ‘…π» π±π‘‚ π«π‘ π‘„ π¶π³π‘‹π²π‘ πΌπ΄πΌ π«π‘π‘…π¬.
850bd6a6e,"π¨π‘π²π‘ π‘π«π‘‰ π²π‘… π°π‘πΌ π·π­: πΊπ²π» π‘€π¬ π· π‘‰π°π‘„π―π‘‰ π»π­ π‘„π―π‘‹ π‘„π°π» π‘…π―π‘, π°π‘πΌ πΊπ΄ π‘π«π‘‰"
8515554cc,"ππ―π‘ π‘…πΉπ©πΏ π–π¨π‘†π²π‘… π»π­ π‘„ π‘‹π²π‘π»π®π»π®π­πΌ, π°π‘πΌ π»π­ πΈπ®π‘† πΌπ®π‘…π΄πΉπ‘πΌπ‘†"
8524506ee,"41 ππ±π½ π°π‘πΌ πΉπ‘‰π©, π‘„π°π» π· π―π‘π»π―π‘‰ π‘π±π» π®π‘π»π­ π»π―π‘‹πΉπ»π©π‘‡π²π‘: π‘„"
853c19438,56 π’π²π» π«π‘ π‘„π®π‘… π¶π±π‘† πΌπ²π‘ π‘„π°π» π‘„ ππΏπ‘‰π®πΉπ»π·π­π‘‰π‘† π±π‘‚ π‘„
85aaafbc1,"25 ππ―π‘ π°π‘π‘…π―π‘‰πΌ π«π‘ π‘„ πΉπ¨πΉπ‘, π°π‘πΌ π‘…π―πΌ, ππ®π‘† πΊπ‘π²πΌ"
85f61c095,"πΌπ²π‘? π’π²π» π‘„π© πΏπ‘‰π΄πΌ πµπ» π‘„ π‘‹π¬π‘‰, π‘…π©π®π‘, πΆπ―π» πΈπ®π‘‹ πΊ πΏπ‘‰π­π‘…π®π‘π΄πΌ."
867dcdd03,"π—π©π·π°π‘π²π‘…,"
86844d447,"π‘…π®π‘π°π‘€π±π‘€π‘†,"
86baf9975,"15 Β¶ ππ―π‘ π¶π―π‘π» π‘„ π™π°π‘‰π®π‘…π¨π‘†, π°π‘πΌ π»π³πΏ πΏπµπ‘π‘…π―π‘ πΈπµ"
86d9d622d,π•ππ‘π“π‡π΅ XXVI.
86e56b88c,"52 ππ―π‘ π‘…π―πΌ π–π¨π‘†π²π‘… π²π‘π»π­ πΈπ®π‘‹, π‘π³π» π²πΉ π°π‘€π―π‘ π‘„π΄"
870a2005a,π‘ƒπ®π‘π‘† π‘„π© π¶π®π»π‘π―π‘… π°π‘€π―π‘π‘…π» π‘„?
8726bfbc1,"π²π‘π»π­ π·π­, π†π‘π°π‘†π‘‹π²π½ π°π‘† π· πΌπ®πΌ π®π» π‘π±π» π»π­ π¶π²π‘ π±π‘‚ π‘„ π‘π¨π‘…π» π±π‘‚ π‘„π¨π‘†, π·"
87420ae57,"57 ππ¶π―π‘ π‘„ π¨π‘‚π‘ π¶π±π‘† πΏπ²π‘‹, π‘„π©π‘‰ πΏπ©π‘‹ π π‘‰π®π½ π‘‹π°π‘ π±π‘‚"
876860a25,"3 ππ¨ π»π‘‰π²π‘…π»π―πΌ π®π‘ ππ±πΌ; π‘π―π» πΈπ®π‘‹ πΌπ¨π‘π®π‘‚π―π‘‰ πΈπ®π‘‹ π‘πµ, π®π‘ πΈπ¨"
87e51d5cf,18 π’π²π» πΈπ¨ π‘„π°π» πΈπ°πΌ π‘‰π¨π‘…π¨π‘‚πΌ π¶π²π‘ π¶π―π‘π» π°π‘πΌ πΌπ®π‘€πΌ π®π‘
884b9556a,10 ππ¬ π‘„π¬π‘† π‘…π²π‘‰π‘‚π²π‘π»π‘… π¶π―π‘π» πµπ» π®π‘π»π­ π‘„ πΈπ΄π¶π©π‘† π°π‘πΌ
88cacee62,"4 ππ‘πΌ π–π¨π‘†π²π‘… π°π‘π‘…π―π‘‰πΌ π°π‘πΌ π‘…π―πΌ π²π‘π»π­ π‘…π―π», π“π©πΏ πΈπ¨πΌ π‘„π°π»"
897f7c2b9,"πΉπ²π‘… π‘…π‘„π¨ π°π‘πΌ π‘π°π‘πΌ π»π­ π‘‹π©πΏ π¶π²π‘ πΉπ‘‰π±π‘…π¨π‘π΄π»; π°π‘πΌ πΈπ¶π―π‘ πΈπ¨ π®π‘† π‘‹π©πΌ, π· π‘‹π©πΏ"
8a0205ffe,"49 π π‘‰π―π‘…π» π‘…π―πΌ, πΆπ―π» πΊ, π‘π―π» π²π‘… π‘…π¨ πΈπ¶π―π‘„π―π‘‰ π€π‘π΄π²π‘… π¶π®π‘ πΏπ²π»"
8a24c5847,π°π‘πΌ π‘…π―π»π®π‘ π π¶π±π½.
8a4c72b8c,"π‘…π»π‘‰π―π½π» πµπ» πΈπ®π‘† πΈπ°π‘πΌ, π°π‘πΌ πΌπ‘‰π®π­ πΈπ®π‘† π‘…π¬π‘‰πΌ, π°π‘πΌ π‘…π»π‘‰π²πΏ π π‘…π²π‘‰π‘‚π²π‘π»"
8a955fef4,16 ππ‘πΌ π‘„π© π‘…π―π‘π» πµπ» π²π‘π»π­ πΈπ®π‘‹ π‘„π©π‘‰ πΌπ®π‘…π΄πΉπ‘π‘† π¶π®π‘„ π‘„
8ab6cbdc4,"π‘π¨π‘‚π®π‘ π‘π¬ π½π®π‘πΌπ‘‰π―π‘, πΈπ®π‘† πΊπ‘‰π²π‘„π―π‘‰ π‘‡π°π‘ π‘‹π°π‘‰π® πΈπ®π‘† π¶π΄π‘, π°π‘πΌ π‘‰π©π‘† π²πΉ"
8b9ea956d,π‘‹π©πΏ π®π» π°π‘† π‘‡π­π‘‰ π°π‘† π· πΏπ°π‘.
8be9bb8fc,"45 ππ―π‘ π‘‡π°π‘ πΈπ¨ π°π‘π‘…π―π‘‰ π‘„π―π‘‹, π‘…π©π®π‘, ππ―π‘‰π®π‘π® π π‘…π©"
8c172dc91,34 Β¶ π’π²π» πΈπ¶π―π‘ π‘„ π™π°π‘‰π®π‘…π¨π‘† πΈπ°πΌ πΈπ²π‘‰πΌ π‘„π°π» πΈπ®
8c3bace09,"39 Β¶ ππ‘πΌ π‘„π© π‘„π°π» πΉππ‘…π» πΊπ΄ π‘‰π¨π‘‚π΄π‘πΌ πΈπ®π‘‹, π¶π°π‘€π®π‘ π‘„π©π‘‰"
8c7b77d88,π‘‹πµπ‘π» π±π‘‚ π‰π‘π®π‘‚π‘†.
8cc3b9849,"7 ππ‘πΌ π‘€π¬ πΏπ¶π®πΏπ‘π®, π°π‘πΌ π»π―π‘ πΈπ®π‘† πΌπ®π‘…π΄πΉπ‘π‘† π‘„π°π» πΈπ¨ π®π‘† π‘‰π®π‘†π‘"
8ce3c8a14,"ππ‘†π²πΏ, π°π‘πΌ π‘„ ππ±πΌ π±π‘‚ π–π©πΏπ²πΊ? ππ±πΌ π®π‘† π‘π±π» π‘„ ππ±πΌ π±π‘‚ π‘„"
8ce735e3b,"π°π‘πΌ π‘…π© π²π‘π»π­ π‘„ πΉπ¨πΉπ‘, ππ¨ π®π‘† π‘‰π®π‘†π‘ π‘π‘‰π±π‘‹ π‘„ πΌπ―πΌ: π‘…π¬ π‘„ π‘ππ‘…π» π―π‘‰π²π‘‰"
8d264beb9,π‘π±π» π«π‘π¶π©π‘†.
8e09aced7,"503 ππ©π®π‘, ππ²π‘‰, π¶π¨ π‘‰π¨π‘‹π―π‘‹πΊπ―π‘‰ π‘„π°π» π‘„π°π» πΌπ¨π‘…π¨π‘‚π―π‘‰ π‘…π―πΌ."
8e3ea738b,"29 ππ­ π²π‘π»π­ π·π­, π‘…π¬π‘‰π΄πΊπ‘† π°π‘πΌ π™π°π‘‰π®π‘…π¨π‘†, πΈπ®πΉπ¬πΏπ‘‰π®π»π‘…! πΊπ¨πΏπ‘‰"
8e95192db,"34 Β¶ ππ¶π©π‘‰π‘π¬π‘‰, πΊπ¨πΈπ¬π‘πΌ, π π‘…π―π‘πΌ π²π‘π»π­ π· πΉπ‘‰π±π‘π―π»π‘…, π°π‘πΌ π¶π΄π‘†"
8ec7d2829,πΈπ®π‘† π‘€π‘π¬π‘‰π®:
8feae1324,π‘π«π‘‰ π‘‹π―π‘π® π‘π«π‘‰ π‘„ π‘‰π‘‹π®π‘‡π²π‘ π±π‘‚ π‘…π®π‘π‘†.
9038e07b6,18 π¤π¨π‘„π―π‘‰ π‘π―π» πΈπ®π‘‹ πΈπ¶π®π½ π®π‘† π®π‘ π‘„ π‘π¨π‘πΌ π‘‰π¨π»π²π‘‰π‘ πΊπ°πΏ π»π­
9060e4be0,π‘„π© π‘‡π°π‘ πΌπ¨π‘…π¨π‘‚ π‘„ π‘‚π―π‘‰π® π¨π‘π―πΏπ».
90c5f8489,50 Β¶ π–π¨π‘†π²π‘… πΈπ¶π―π‘ πΈπ¨ πΈπ°πΌ πΏπ‘‰π΄πΌ π°π‘€π―π‘ π¶π®π‘„ π π‘πµπΌ π‘‚π±π®π‘…
91493b84f,"23 ππ‘πΌ π‘„ πΏπ²π‘‚π―π‘‰π‘π²π‘‰ π‘…π―πΌ ππ¶π΄, πΈπ¶π±π» π¨π‘‚π‘ πΈπ°π‘ƒ πΈπ¨"
91b145764,"26 Β¶ ππ‘πΌ π°π‘† π‘„π© π¶π²π‘‰ π¨πΉπ®π‘, π–π¨π‘†π²π‘… π»π³πΏ πΊπ‘‰π―πΌ, π°π‘πΌ πΊπ‘π―π‘…π»"
91ed7432d,2 ππ‘πΌ π‘„ πΏπ‘‰π©π‘‚π‘† π¶π²π‘‰ π¬πΉπ‘πΌ; π°π‘πΌ π‘‹π―π‘π® πΊπ±πΌπ®π‘† π±π‘‚ π‘„
9259b158c,"40 ππ―π‘ π‘‡π°π‘ π»π­ πΊ π®π‘ π‘„ π‘π¨π‘πΌ; π‘„ π¶π²π‘ π‘‡π°π‘ πΊ π»π©πΏπ‘, π°π‘πΌ"
92944b65a,πΊπ΄ π«π‘ π‘ƒπ®π‘π‘† π‘„π©π‘‰π±π‘.
930da27e0,π‘…π¨π‘†π‘?
93834fa92,"20 ππ­π‘…π¬ π‘„π©π‘‰π‘π¬π‘‰ π‘‡π°π‘ π‘…π¶π©π‘‰ πΊπ΄ π‘„ π«π‘π»π²π‘‰, π‘…π¶π©π‘‰π―π‘ƒ πΊπ΄ π®π», π°π‘πΌ"
93f2603ab,"πΊπ²π» π‘„π°π» π‘‰π°π‘„π―π‘‰ πµ π»π®π­π‘‹π²π‘π» π¶π±π‘† π‘‹π©πΌ, πΈπ¨ π»π³πΏ π¶π«π»π―π‘‰, π°π‘πΌ π¶π±π‘‡π»"
940effd95,"34 π’π²π» πΈπµ π‘„π―π‘ π‘‡π°π‘ π‘„ ππΏπ‘‰π®πΉπ»π·π­π‘‰π‘† πΊ π‘π³π‘π‘π®π‘πΌ, π‘„π°π»"
956713798,"π‘‡π°π‘ π‘π΄π‘πΌ, πΊπ®πΌ π»π­ π‘„ π‘‹π°π‘‰π―π»."
95fac0fe6,π‘π―π‘…: π‘„π©π‘‰ π‘‡π°π‘ πΊ π¶π¨πΉπ®π‘ π°π‘πΌ π΄π°π‘‡π®π‘ π±π‘‚ π»π¨π‘ƒ.
96389860a,"22 ππ‘πΌπ―πΏπ‘…π―πΉπ» π‘„π¬π‘† πΌπ©π‘† π‘‡π³πΌ πΊ π‘‡π«π‘‰π»π‘πΌ, π‘„π©π‘‰ π‘‡π³πΌ π‘π¬"
966667d61,12 ππ‘πΌ πΊπ¨πΏπ«π‘† π®π‘π®πΏπ¶π®π»π® π‘‡π°π‘ π°πΊπµπ‘πΌ π‘„ π‘π²π‘‚ π±π‘‚ π‘‹π―π‘π®
974c650c1,2 ππµ π«π»π―π‘…π» π‘„π©π‘‰π‘π¬π‘‰ π»π­ πΈπ°π‘‚ πΉπ³π» π‘‹π΄ π‘‹π²π‘π® π»π­ π‘„ π―πΏπ‘…=
97d15b0fb,32 π™π®π‘ π· π²πΉ π‘„π―π‘ π‘„ π‘‹π―π‘…π·π­π‘‰ π±π‘‚ π·π­π‘‰ π‘ππ‘„π―π‘‰π‘†.
9818d8310,π•ππ‘π“π‡π΅ XXVIII.
984dce83c,"πΈπ°π‘πΌ, π»π‘ π π‘‹π©πΏ π‘„π΄π‘ π―π‘π¨π‘‹π®π‘† π‘„π΄ π‘π³π»π‘…π»π­π‘†?"
98b6a2732,ππ―π‘ π‘‡π°π‘ π‘„ πΏπ®π‘πΌπ²π‘‹ π±π‘‚ πΈπ―π‘‚π‘ πΊ π‘π΄πΏπ‘πΌ π²π‘π»π­ π»π―π‘ π‘‚π‘‰-
98b76eb72,π½π¨π‘ πΉπ‘‰π¨π‘…π»π‘… π°π‘πΌ π―π‘πΌπ―π‘‰π‘† π±π‘‚ π‘„ πΉπ¨πΉπ‘.
98e14077a,"24 ππ©π®π‘, π£ππ‘…π»π―π‘‰, π£π¬π‘†π―π‘† π‘…π―πΌ, π†π‘ π π‘‹π°π‘ πΌπ΄,"
9949d1d3b,"π±π‘‚ π‘„ π»π¶π©π‘ π¶π®π‘ π· π‘„π°π» π π‘‰π¨π‘π¨π‘… π²π‘π»π­ π·π­? ππ© π‘…π―πΌ, π–π°π‘‰π°πΊπ²π‘…."
9a9369f57,π±π‘‚ πΊπ‘π²πΌ.
9bc4a3f3a,π°π‘…π»π±π‘π®π‘‡π» π°π» πΈπ®π‘† πΌπ±πΏπ»π‘‰π®π‘
9bdeec310,π‘‰π¨π‘…π¨π½ π‘„ π‘€π‘‰π³π»π―π‘‰ πΌπ°π‘‹π‘π©π‘‡π²π‘.
9c20b6900,"9 ππ‘πΌ π‘π¬π‘‰π‘ƒπ¶π®π‘ƒ πΈπ¨ πΏπ©π‘‹ π»π­ π–π¨π‘†π²π‘…, π°π‘πΌ π‘…π―πΌ, ππ©π‘,"
9c426ff1e,"π—π²π‘‹, π· πΊπ‘π―π‘…π―πΌ π±π‘‚ π‘‹π΄ π™ππ‘„π―π‘‰, π®π‘πΈπ―π‘‰π®π» π‘„ πΏπ®π‘πΌπ²π‘‹ πΉπ‘‰π¨πΉπ©π‘‰πΌ π‘π«π‘‰ π·π­"
9c4f30574,"π‘€π°π‘„π―π‘‰πΌ π»π³π‘€π―π‘„π―π‘‰ π«π‘ π°π‘† π‘‹π―π‘π® π°π‘† π‘„π© π‘πµπ‘πΌ, πΊπ¬π‘ƒ πΊπ°πΌ π°π‘πΌ π‘€π³πΌ: π°π‘πΌ"
9c6215568,"π‘‹πΉπ®π‘ π°π‘πΌ πΌπ‘‰π®π‘πΏπ®π‘, π‘‹π°π‘‰π®π®π‘ π°π‘πΌ π‘€π®π‘‚π®π‘ π®π‘ π‘‹π°π‘‰π―πΎ, π²π‘π»π®π‘ π‘„ πΌπ© π‘„π°π»"
9c6e7cff3,"27 π™π«π‘‰ π°π‘† π‘„ π‘π΄π»π‘π®π‘ πΏπ²π‘‹π―π‘ƒ πµπ» π±π‘‚ π‘„ π¨π‘…π», π°π‘πΌ π‘‡π΄π‘π―π‘ƒ π¨π‘‚"
9c811dda8,"πΏπ«π‘ πΈπ®π‘‹ πΆπ«π‘‰πΌ, π‘…π©π®π‘,"
9c961c9fe,"π®π‘† π·π―π» π»π―π‘πΌπ―π‘‰, π°π‘πΌ πΉπ³π»π―π‘ƒ π‘π¬π‘‰π‘ƒ π‘π¨π‘‚π‘†, π· π‘π¬ π‘„π°π» π‘…π²π‘‹π―π‘‰ π®π‘† π‘π΄:"
9cbbb401f,"π†π» π®π‘† π‘π±π» π‘π«π‘π³π‘ π‘π«π‘‰ π»π­ πΉπ³π» π‘„π―π‘‹ π²π‘π»π­ π‘„ π»π‘‰π―π‘π­π‘‰π®, πΊπ¨πΏπ«π‘† π®π» π®π‘† π‘„ πΉπ‘‰π΄π‘…"
9ceb4c64d,15 π¤πµ π°π» π‘„π°π» π‘π¨π‘…π» π‘„ π‘€π²π‘‚π―π‘‰π‘π²π‘‰ π¶π±π‘† π¶π²π‘π» π»π­ π‘‰π¨=
9cfd3fd5a,"π‘…π« πΈπ®π‘‹, π°π‘πΌ π‘…π―πΌ π²π‘π»π­ π‘„π―π‘‹ π‘„π°π» π¶π²π‘‰ π‘„π©π‘‰, ππ®π‘… π‘π―π‘π¬ π¶π±π‘† π«π‘π‘…π¬ π¶π®π‘„"
9d06f6c47,"π‘π‘‰π±π‘‹ π‘„ πΌπ―πΌ; π°π‘πΌ, πΊπ¨πΈπ¬π‘πΌ, πΈπ¨ π‘€π¬π―π‘ƒ πΊπ¨π‘π¬π‘‰ π·π­ π®π‘π»π­ π°π‘π®π‘π¨;"
9d36ccd30,"π‘ƒπ‘‰π¬π‘ π±π‘‚ ππ°πΌ, π°π‘πΌ πΊπ΄ πΈπ®π‘‹ π‘„π°π» π‘…π®π»π―π‘ƒ π‘„π©π‘‰π±π‘."
9d50465e9,π»π‘‰π²πΊπ‘ π· π‘„ π¶π³π‘‹π²π‘? π‘π«π‘‰ π‘‡π¨ πΈπ°π‘ƒ π‘‰π«π» π π‘€π³πΌ π¶π²π‘‰πΏ π²πΉπ±π‘ π‘‹π¨.
9d64bcc60,"37 π¨π‘†π²π‘… π‘…π―πΌ π²π‘π»π­ πΈπ®π‘‹, ππµ π‘‡π°π‘π» π‘π²π‘‚ π‘„ πΆπ«π‘‰πΌ π‘„π΄ ππ±πΌ π¶π®π‘„"
9d9796c65,π†π π€π€π‘†ππ π π—π†π‘‰ ππ π π–.
9e5fb1bb7,"π‘‹π―π» π‘„π―π‘‹, π‘…π©π®π‘, πƒπ‘ πΈπ©π‘. ππ‘πΌ π‘„π© πΏπ©π‘‹ π°π‘πΌ πΈπ―π‘πΌ πΈπ®π‘‹ πΊπ΄ π‘„ π‘π¨π», π°π‘πΌ"
9ea16ad3c,π‘π«?
9fabe4feb,"20 ππ‘πΌ πΈπ¨ π‘…π―π‘ƒ π²π‘π»π­ π‘„π―π‘‹, ππ­π‘† π®π‘† π‘„π®π‘… π®π‘‹π―πΎ π°π‘πΌ"
a026840d9,πΈπ®π‘‹ π‘„π°π» πΌπ¶π―π‘π―π‘ƒ π‘„π©π‘‰π®π‘.
a10123915,"30 ππ‘πΌ π‘„π© π‘…πΉπ®π» π²πΉπ±π‘ πΈπ®π‘‹, π°π‘πΌ π»π»πΏπ‘„ π‘‰π¨πΌ, π°π‘πΌ π‘…π¨π» πΈπ®π‘‹ π±π‘"
a10df8454,7 ππ©π‘‰ πΏπ©π‘‹ π²π‘π»π­ πΈπ®π‘‹ π π¶π³π‘‹π²π‘ πΈπ°π‘‚π®π‘ π°π‘ π°π‘π°πΊπ°π‘…π»π―π‘‰
a19993375,π‘€π°π‘„π―π‘‰πΌ π»π³π‘€π―π‘„π―π‘‰.
a1a0aee44,19 π’π‘π»π―π‘‰ π π‘π±π‘ π»π΄π‘‹ π‘„ π‘π«π‘‰πΌ π±π‘‚ π‘„π¬π‘† π‘…π²π‘‰π‘‚π²π‘π»π‘… πΏπ²π‘‹π―π‘ƒ
a22f3c2f7,"16 ππ‘πΌ π‘„π© πΈπ°πΌ π‘„π―π‘ π π‘π¬π»π°πΊπ‘ πΉπ‘‰π®π‘†π‘π―π‘‰, πΏπ«π‘πΌ π’π²π°π‘‰π²πΊπ²π»"
a25e5a823,"72 ππ‘πΌ π°π‘€π―π‘ πΈπ¨ πΌπ¨π‘π΄πΌ π¶π®π‘„ π°π‘ π¬π‘ƒ, π πΌπ­ π‘π±π» π‘π¬ π‘„ π‘‹π―π‘"
a2b0fbc5d,"ππ¶π΄ π»π―π‘‹πΉπ» π· π‘‹π¨, π· πΈπ®πΉπ¬πΏπ‘‰π®π»π‘…?"
a2b95a553,"16 Β¶ ππ―π‘ π‘„ π¨π‘π―π‘‚π‘ πΌπ®π‘…π΄πΉπ‘π‘† π¶π―π‘π» π°π¶π© π®π‘π»π­ ππ°π‘π®π‘π¨, π®π‘π»π­"
a2c2b9b7a,πΌπ®πΌ π®π» π‘π±π» π»π­ π‘‹π¨.
a3ea0d06b,"37 ππ‘πΌ πΈπ¨ π»π³πΏ π¶π®π‘„ πΈπ®π‘‹ π‘π¨π»π―π‘‰ π°π‘πΌ π‘„ π»π­ π‘…π²π‘π‘† π±π‘‚ π–π―πΌπ¨πΌπ¨,"
a4012a65f,"2 ππ‘πΌ πΈπ¶π―π‘ π‘„π© πΈπ°πΌ πΊπµπ‘πΌ πΈπ®π‘‹, π‘„π© π‘π―πΌ πΈπ®π‘‹ π°π¶π©,"
a4790939e,"35 ππ‘πΌ π‘„π© πΏπ‘‰π­π‘…π®π‘π΄πΌ πΈπ®π‘‹, π°π‘πΌ πΉππ‘‰π»π―πΌ πΈπ®π‘† π‘€ππ‘‰π‘‹π―π‘π»π‘…, πΏππ‘…π»π®."
a490949fd,"23 ππ―π‘ π®π‘ π―π‘π® π‘‹π°π‘ π‘‡π°π‘ π‘…π© π²π‘π»π­ π·π­, πΆπ¬, πΈπ¨π‘‰ π®π‘† π—π‘‰π΄π‘…π»,"
a4b5ac17d,"π—π®π‘ π±π‘‚ π†π‘†π‘‰π°π―π‘, π‘π―π» πΈπ®π‘‹ π‘πµ πΏπ²π‘‹ πΌπµπ‘ π‘π‘‰π±π‘‹ π‘„ πΏπ‘‰π±π‘…, π°π‘πΌ π¶π¨ π¶π®π‘ πΊπ¨π‘π¨π‘‚"
a522b191e,πΈπ®π‘‹ π πΉπ―π‘π®.
a5b48ec9f,π£π©π‘‰π® π»π­ π‘…π¨ π‘„ π‘…π―πΉπ²π‘πΏπ―π‘‰.
a61b3edf9,"58 ππ¨ π¶π―π‘π» π»π­ π‘π΄π‘π²π», π°π‘πΌ πΊπ―π‘€πΌ π‘„ πΊπ±πΌπ® π±π‘‚ π–π¨π‘†π²π‘…."
a61f2d9e5,"π‘„π―π‘‹ πΈπ¶π®π½ ππ‘‰ πΊπ®πΌπ‘, π’π¨πΈπ¬π‘πΌ, π πΈπ°π‘‚ πΉπ‘‰π¨πΉπ©π‘‰πΌ π‘‹π΄ πΌπ®π‘π―π‘‰: π‘‹π΄"
a66bd8b3d,π«π‘‰ π‘„ π»π―π‘‹πΉπ‘ π‘„π°π» π‘…π°π‘πΏπ»π®π‘π΄π―π‘ƒ π‘„ π‘€π¬π‘πΌ?
a6aad0cdc,"π‘„ π»π±πΉ π»π­ π‘„ πΊπ°π»π²π‘‹; π°π‘πΌ π‘„ π²π‘‰π‘ƒ πΌπ®πΌ πΏπ¶π©πΏ, π°π‘πΌ π‘„ π‘‰π±πΏπ‘… π‘‰π―π‘π»;"
a6cedbf78,"32 ππ‘πΌ π°π‘† π‘„π© πΏπ©π‘‹ πµπ», π‘„π© π‘πµπ‘πΌ π π‘‹π°π‘ π±π‘‚ ππ΄π‘‰π¨π‘π¨, ππ΄π‘‹π²π‘"
a6dddf59a,π»π­ π‘…π©π‘‚ πΈπ®π‘‹.
a6e419061,"43 ππ¨ π‘…π―π‘ƒ π²π‘π»π­ π‘„π―π‘‹, ππµ π‘„π―π‘ πΌπ²π‘ƒ π”π©π‘‚π®πΌ π®π‘ π‘…πΉπ®π‘‰π®π»"
a6ef5d078,20 π“π¨π½π®π‘ π‘„π―π‘‹ π»π­ π²πΊπ‘†π²π‘‰π‘‚ π«π‘ π‘ƒπ®π‘π‘† πΈπ¶π±π»π‘…π¬π―π‘‚π―π‘‰ π πΈπ°π‘‚ πΏπ²π‘‹
a75b002b8,πΈπ®π‘‹.
a8138bb26,"π‘„ π‘…π²π‘ πΊ πΌππ‘‰πΏπ‘πΌ, π°π‘πΌ π‘„ π‘‹π­π‘ π‘‡π°π‘ π‘π±π» π‘€π®π‘‚ πΈπ²π‘‰ π‘π΄π», π°π‘πΌ π‘„ π‘…π»ππ‘‰π‘†"
a84ce0656,"18 ππ‘πΌ πΈπ¨ π‘…π―πΌ, ππ¬ π®π‘π»π­ π‘„ π‘…π®π»π® π»π­ π‘…π²π½ π π‘‹π°π‘, π°π‘πΌ"
a904fff7a,"34 ππ―π‘‰π®π‘π® π π‘…π© π²π‘π»π­ π·π­, ππ®π‘… πΎπ―π‘π―π‘‰π©π‘‡π²π‘ π‘‡π°π‘ π‘π±π» πΉππ‘…,"
a95d86ac6,"56 ππ‘πΌ π‘π©πΌ π®π» π®π‘ πΈπ®π‘† π¬π‘ π‘π®π­ π»π­π‘‹, πΈπ¶π®π½ πΈπ¨ πΈπ°πΌ πΈπ®π­π‘"
aa06d7fb9,π«π©π‘πΌ π»π­ π²π‘„π―π‘‰ π»π°π‘π―π‘π»π‘… πΌπ¨π‘…π΄πΌ π‘„π―π‘‹.
aa9e1c9bd,9 ππ―π‘ π¶π±π‘† π‘π³π‘π‘π®π‘πΌ π‘„π°π» πΈπ¶π®π½ π¶π±π‘† π‘…πΉπ¬πΏπ‘ πΊπ΄ π–π―π‘‰π¨π‘‹π®
ab38a4e26,π‘…π―π‘‚π‘π‘ƒ.
ab5ea38b1,32 ππ‘πΌ πΊπ¨π‘π¬π‘‰ πΈπ®π‘‹ π‘‡π―π‘ πΊ π‘€π°π‘„π―π‘‰πΌ π«π‘ π‘π©π‘‡π²π‘π‘†: π°π‘πΌ πΈπ¨
ab867da77,"π‘π©πΏπ―πΌ, π°π‘πΌ πΏπ‘π¬π‘„πΌ π‘„?"
aba42939c,"π‘…π« π¶π¨ π‘„ π πΈπ²π‘π‘€π―π‘‰πΌ, π«π‘‰ π°π‘ƒπ²π‘‰π‘…π», π«π‘‰ π π‘…π»π‘‰π©π‘πΎπ―π‘‰, π«π‘‰ π‘π©πΏπ―πΌ, π«π‘‰π‘…π®πΏ,"
ac7071ad1,"25 ππ‘πΌ π π¶π±π‘† π°π‘π‘‰π©πΌ, π°π‘πΌ π¶π―π‘π» π°π‘πΌ πΈπ®πΌ π‘„π΄ π»π°π‘π―π‘π» π®π‘"
ac96b0cc3,"17 ππ‘πΌ πΈπ¶π―π‘ π‘„π© π‘…π« πΈπ®π‘‹, π‘„π© π¶π²π‘‰π‘‡π®πΉπ» πΈπ®π‘‹: πΊπ²π» π‘…π²π‘‹ πΌπµπ»π―πΌ"
aca5d0ad6,π‘π‘‰π±π‘‹ π‘…π®π»π® π»π­ π‘…π®π»π®:
acb2eaac5,"π‘„π°π» π®π‘† π»π­ π‘…π©, π πΉπ‘π©π‘… π±π‘‚ π π‘…πΏπ²π‘,"
ad3e518fd,"7 ππ‘πΌ π‘€π‘‰π¨π»π®π‘π‘† π®π‘ π‘„ π‘‹ππ‘‰πΏπ―π»π‘…, π°π‘πΌ π»π­ πΊ πΏπ«π‘πΌ π±π‘‚ π‘‹π―π‘,"
ad7a6591f,32 π¤πµ π‘π²π‘‰π‘ π πΉπ°π‘‰π°πΊπ‘ π±π‘‚ π‘„ π‘π®π‘€ π»π‘‰π¨; ππ¶π―π‘ πΈπ®π‘† πΊπ‘‰π°π‘πΌ
ae1b4a149,69 Β¶ π¤πµ π‘π¨π»π―π‘‰ π‘…π°π» π¶π®π‘„πµπ» π®π‘ π‘„ πΉπ°π‘π―π‘…: π°π‘πΌ π
ae3a0e73e,19 π¬ π‘‹π¨ π‘„ π»π‘‰π®πΊπ®π­π» π‘‹π²π‘π®. ππ‘πΌ π‘„π© πΊπ‘‰π«π» π²π‘π»π­
ae6c9abe3,42 ππ¨ π‘…π©π‘‚πΌ π²π‘„π―π‘‰π‘†; πΈπ®π‘‹π‘…π―π‘π‘ πΈπ¨ πΏπ°π‘π±π» π‘…π©π‘‚. π†π‘ πΈπ¨ πΊ π‘„
aecec3a06,"44 π πΆπ«π‘‰πΌ π‘…π―πΌ π²π‘π»π­ π‘‹π΄ πΆπ«π‘‰πΌ, ππ®π» π‘„πµ π±π‘ π‘‹π΄ π‘‰π΄π»"
af5d70760,π»π©πΏ π―π‘π® π‘ƒπ®π‘ πµπ» π±π‘‚ πΈπ®π‘† πΈπµπ‘…:
af744791d,"2 π π°π‘‹ π‘„ ππ±πΌ π±π‘‚ ππΊπ‘‰π°πΈπ°π‘‹, π°π‘πΌ π‘„ ππ±πΌ π±π‘‚"
afa65281b,"πΏπ©π‘‹ π²π‘π»π­ πΈπ®π‘‹ πΉπ‘‰π΄π‘‚π―π»π‘π®, π‘…π©π®π‘, π‘…π©π®π‘, π“π―π‘ π²π‘…, πΈπ¶π―π‘ π‘‡π°π‘ π‘„π¨π‘† π‘ƒπ®π‘π‘† πΊ? π°π‘πΌ"
b00bc6c20,26 Β¶ ππ―π‘ π‘‰π¨π‘π¨π‘…π» πΈπ¨ π’π²π‘‰π°πΊπ²π‘… π²π‘π»π­ π‘„π΄π‘‹: π°π‘πΌ πΈπ¶π―π‘ πΈπ¨ πΈπ°πΌ π‘€π―π‘‹
b073a999c,"46 π’π²π» π‘πµπ‘πΌ π‘π²π‘: π·π©, π‘„π¬ π‘‹π―π‘π® π‘π«π‘π‘… π¶π®π»π‘π―π‘…π―π‘† πΏπ©π‘‹,"
b08e19850,"π–π¨π‘†π²π‘… πΈπ¶π®π½ π®π‘† πΏπ«π‘πΌ π—π‘‰π΄π‘…π»? ππ© π«π‘ π‘…π© π²π‘π»π­ πΈπ®π‘‹, πΆπ―π» πΈπ®π‘‹"
b1985f7ed,π‘„π°π» π¶π²π‘‰ πΊπ®πΌπ‘ π»π­ π‘„ π¶π―πΌπ®π‘: π°π‘πΌ π‘„π© π¶π³πΌ π‘π±π» πΏπ²π‘‹.
b1ec5a166,5 π’π²π» π«π‘ π‘„π©π‘‰ π¶π²π‘‰πΏπ‘… π‘„π© πΌπ­ π‘π«π‘‰ π»π­ πΊ π‘…π¨π‘ π±π‘‚ π‘‹π―π‘:
b1f846e30,"5 ππ‘πΌ π‘„ π©π‘πΎπ―π‘ π°π‘π‘…π―π‘‰πΌ π°π‘πΌ π‘…π―πΌ π²π‘π»π­ π‘„ π¶π®π‘‹π®π‘, π‘π¨π‘‰"
b1fad6ceb,"5 π™π«π‘‰ π‘‹π―π‘π® π‘‡π°π‘ πΏπ²π‘‹ π®π‘ π‘‹π³ π‘π©π‘‹, π‘…π©π®π‘, π π°π‘‹ π—π‘‰π΄π‘…π»; π°π‘πΌ π‘‡π°π‘‰"
b2a345b8c,π¶π®π‘„ π‘„ π‘…π¬π‘‰πΌ.
b34d2348b,"πΊπ΄ πΉπ°π‘‰π°πΊπ‘π‘†, π°π‘πΌ π‘…π―πΌ,"
b378e9a6a,"27 ππ¬ π²π‘π»π­ π·π­, π‘…πΏπ‘‰π΄πΊπ‘† π°π‘πΌ π™π°π‘‰π®π‘…π¨π‘†, πΈπ®πΉπ¬πΏπ‘‰π®π»π‘…: π‘π‘‚πΌ"
b51293da4,"π®π‘π¬π‘…π―π‘π» πΊπ‘π²πΌ. ππ‘πΌ π‘„π© π‘…π―πΌ, ππ¶π±π» π®π‘† π‘„π°π» π»π­ π²π‘…? π‘…π¨ π‘„πµ π»π­ π‘„π°π»."
b610d3600,"π°π‘πΌ π‘‹π°πΏπ» πΈπ®π‘‹, π‘…π©π®π‘, ππ©π‘, π®π‘ π±π‘‚ π‘„ π–π®π­π‘†!"
b619be9f7,π‘‹π΄ π™ππ‘„π―π‘‰'π‘† πΏπ®π‘πΌπ²π‘‹.
b6745ac63,"45 π†π‘ π”π©π‘‚π®πΌ π‘„π―π‘ πΏπ«π‘ πΈπ®π‘‹ πΆπ«π‘‰πΌ, πΈπµ π®π‘† πΈπ¨ πΈπ®π‘† π‘…π²π‘"
b6d38023f,"3 Β¶ ππ‘πΌ π°π‘† πΈπ¨ π‘…π°π» π²πΉπ±π‘ π‘„ π‘‹πµπ‘π» π±π‘‚ π‰π‘π®π‘‚π‘†, π‘„ πΌπ®π‘…π΄πΉπ‘="
b799b7e72,"43 π’π²π» π‘π¬ π‘„π®π‘…, π‘„π°π» π®π‘ π‘„ π‘€π³πΌπ‘‹π°π‘ π±π‘‚ π‘„ πΈπµπ‘… πΈπ°πΌ"
b7d5a4c1c,"33 ππ‘πΌ πΈπ¶π―π‘ π‘„ π‘‹π²π‘π»π®π»π®π­πΌ πΈπ²π‘‰πΌ π‘„π®π‘…, π‘„π© π¶π²π‘‰"
b833b0561,π‘€π°π‘„π―π‘‰ πΈπ¶π©π‘‰ π πΈπ°π‘‚ π‘π±π» π‘…π»π‘‰π­πΌ:
b8351adae,πΌπ―π‘ƒ:
b85b9fc2c,"π»π¶π―π‘π‘‚, πΏπ©π‘‹, π°π‘πΌ π¶π®π‘„ πΈπ®π‘‹ π π‘€π‘‰π© π‘‹π²π‘π»π®π»π®π­πΌ π¶π®π‘„ π‘…π¬π‘‰πΌπ‘† π°π‘πΌ π‘…π»π©π‘‚π‘†, π‘π‘‰π±π‘‹ π‘„"
b8e00f794,"474 Β¶ ππ‘πΌ πΈπ¶π΄π‘ πΈπ¨ π·π―π» π‘…πΉπ©πΏ, π‘π¬, π–π®π­πΌπ²π‘…, π¶π²π‘ π±π‘‚ π‘„"
b8e4ea133,π π‘π±π» πΌπ¨π‘π΄ π‘„. πΆπ΄πΏπ¶π΄π‘† π«π‘π‘…π¬ π‘…π―πΌ π«π‘ π‘„ πΌπ®π‘…π΄πΉπ‘π‘†.
b92c319f2,π«π‘‰ π‘„ π«π‘π²π‘‰ π‘„π°π» π‘…π°π‘πΏπ»π®π‘π΄π―π‘ π‘„ π‘€π®π‘π»?
b951f48aa,46 ππ‘πΌ π‘„π¨π‘† π‘‡π°π‘ π‘€π¬ π°π¶π© π®π‘π»π­ π―π‘‚π―π‘‰π‘ππ‘…π»π®π‘ πΉπ²π‘π®π‘‡π‘‹π―π‘π»:
b9905d02e,"8 π’π²π» πΊ π‘π±π» π· πΏπ«π‘πΌ π™π°πΊπ®: π‘π«π‘‰ π¶π²π‘ π®π‘† π·π­π‘‰ π£ππ‘…π»π―π‘‰, π¨π‘‚π‘"
b9a6b3489,"π‘π±π»π‘…: π‘„π°π» π®π» π‘‹π΄π» πΊ π‘π³π‘π‘π®π‘πΌ πΈπ¶π®π½ π¶π±π‘† π‘…πΉπ¬πΏπ‘ πΊπ΄ π‘„ πΉπ‘π±π‘π―π», ππ© πΉππ‘‰π»π―πΌ,"
b9faf46fb,πΏπ²π‘‹π―π‘ƒ π‘‡π°π‘ π‘π΄π‘πΌ π‘…π¬ πΌπ­π®π‘.
ba2e69c3a,"9 ππ¬ π· π‘„π©π‘‰π‘π¬π‘‰ π®π‘π»π­ π‘„ πΈπ΄π¶π©π‘†, π°π‘πΌ π°π‘† π‘‹π―π‘π® π°π‘† π·"
ba90909d0,π‘„ π‘…π°πΊπ²π‘ƒ πΌπ©:
ba91b243e,16 ππ―π‘ πΈπ¨ π‘„π°π» πΈπ°πΌ π‘‰π¨π‘…π¨π‘†πΌ π‘„ π‘π΄π‘‚ π»π°π‘π―π‘π»π‘… π¶π―π‘π» π°π‘πΌ
babf4bb21,"π°π‘πΌ πΈπ¶π―π‘ πΈπ¨ πΈπ°πΌ π»π©π‘…π»π―πΌ π‘„π©π‘‰π±π‘‚, πΈπ¨ π¶π³πΌ π‘π±π» πΌπ‘‰π®π‘πΏ."
bb87f5bfc,"π²π‘„π―π‘‰π‘† π‘…π‘‹π¬π» πΈπ®π‘‹ π¶π®π‘„ π‘„ πΉππ‘‹π‘† π±π‘‚ π‘„π©π‘‰ πΈπ°π‘πΌπ‘†,"
bb972ad69,"πΏπ²π‘‹? ππ―π‘ πΏπ©π‘‹ π‘„π©, π°π‘πΌ π‘π©πΌ πΈπ°π‘πΌπ‘† π±π‘ π–π¨π‘†π²π‘…, π°π‘πΌ π»π³πΏ πΈπ®π‘‹."
bbb71703a,"34 ππ―π‘ π‘‡π°π‘  π—π®π‘ π‘…π© π²π‘π»π­ π‘„π―π‘‹ π±π‘ πΈπ®π‘† π‘‰π΄π» πΈπ°π‘πΌ,"
bbbca25de,"π‘…π²π‘ π±π‘‚ π’π°π‘‰π°πΏπ΄π²π‘…, πΈπ­π‘‹ π· π‘…π‘π®π­ πΊπ¨π»π¶π¨π‘ π‘„ π»π―π‘‹πΉπ‘ π°π‘πΌ π‘„ π«π‘π»π²π‘‰."
bbd7511f4,"48 ππ‘πΌ π‘…π»π‘‰π©π»π¶π© π¶π²π‘ π±π‘‚ π‘„π―π‘‹ π‘‰π°π‘, π°π‘πΌ π»π³πΏ π π‘…πΉπ²π‘πΎ, π°π‘πΌ"
bbe355aec,"8 ππ‘πΌ πΈπ¶π―π‘ πΈπ®π‘† πΌπ®π‘…π΄πΉπ‘π‘† π‘…π« π®π», π‘„π© πΈπ°πΌ π®π‘πΌπ®π‘€π‘π©π‘‡π²π‘"
bc40bf477,π‘„?
bcd570b63,"π²π‘π»π­ πΌπ―π‘ƒ: π»π°π‘‰π® π· πΈπ¨π‘‰, π°π‘πΌ π¶π±π½ π¶π®π‘„ π‘‹π¨."
bd1cc294b,π°π‘πΌ πΌπ¨π‘π®π‘‚π―π‘‰πΌ πΈπ®π‘‹ π»π­ π‘π±π‘π»π®π²π‘… π‘π΄π‘π²π» π‘„ π‘€π²π‘‚π―π‘‰π‘π²π‘‰.
bd6ee92fd,"πΉπ‘‰π±π‘π―π»π‘… π‘‹π΄π» πΊ π‘π³π‘π‘π®π‘πΌ. ππ―π‘ π«π‘ π‘„ πΌπ®π‘…π΄πΉπ‘π‘† π‘π²π‘‰π‘…π³πΏ πΈπ®π‘‹, π°π‘πΌ"
be4ea2d06,"14 Β¶ ππ―π‘ π¶π²π‘ π±π‘‚ π‘„ π»π¶π―π‘π‘‚, πΏπ«π‘πΌ π–π®π­πΌπ²π‘… π†π‘…πΏπ°π‘‰π®π²π»,"
be7fb9655,π‘π³π‘ π±π‘‚ π―πΏπ‘…π»π«π‘‰π‘‡π²π‘ π°π‘πΌ π―πΏπ‘…π―π‘….
be8b03c80,πΊπ¨π‘‰π©π―π‘ƒ π‘„.
bf6bb8f4e,"48 π¤πµ πΈπ¨ π‘„π°π» πΊπ¨π»π‘‰π©πΌ πΈπ®π‘‹ π‘€π©π‘‚ π‘„π―π‘‹ π π‘…π΄π‘, π‘…π©π‘, ππ­π‘‹πΊπ»"
bfc575e8b,"π―πΌ π‘‹π¨: π π¶π±π‘† π®π‘ πΉπ‘‰π®π‘†π‘, π°π‘πΌ π· πΏπ©π‘‹ π²π‘π»π­ π‘‹π¨."
c000890f6,"πΊπ¨π‘π¬π‘‰ π‘„ πΏπ±πΏ πΏπ‘‰π¬, π‘„πµ π‘‡π°π‘π» πΌπ¨π‘π΄ π‘‹π¨ π‘ƒπ‘‰π΄π‘…."
c02032007,π‘€π®π‘‚π‘ π²π‘π»π­ π‘‹π¨ π®π‘ πΈπ―π‘‚π‘ π°π‘πΌ π®π‘ π²π‘‰π‘ƒ.
c0427449f,"40 ππ‘πΌ π‘…π©π®π‘, ππµ π‘„π°π» πΌπ¨π‘…π»π‘‰π±π®π―π‘…π» π‘„ π»π―π‘‹πΉπ‘, π°π‘πΌ πΊπ‘πΌπ―π‘…,"
c058c81fa,17 Β¶ π¤πµ π‘„ π‘π²π‘‰π‘…π» πΌπ© π±π‘‚ π‘„ π‘π¨π‘…π» π±π‘‚ π²π‘π‘π―π‘‚π‘πΌ πΊπ‘‰π―πΌ
c0c7e6dbe,"26 ππ®π‘† π‘π«π‘‰πΌ π°π‘π‘…π―π‘‰πΌ π°π‘πΌ π‘…π―πΌ π²π‘π»π­ πΈπ®π‘‹, ππµ π¶π®πΏπ―πΌ"
c0e820511,"36 ππ‘‰π®π‘π® π π‘…π© π²π‘π»π­ π·π­, ππ‘ π‘„π¨π‘† π‘ƒπ®π‘π‘† π‘‡π°π‘ πΏπ²π‘‹ π²πΉπ±π‘"
c1a667133,43 ππ‘πΌ πΈπ¨ πΏπ©π‘‹ π°π‘πΌ π‘πµπ‘πΌ π‘„π―π‘‹ π°π‘…π‘π¨πΉ π°π‘€π―π‘: π‘π«π‘‰ π‘„π©π‘‰
c22dead9c,"π‘„ π‘ƒπ²π‘‰πΌ πΌπ©, π‘π―π‘…π» πΈπ®π‘† πΌπ®π‘…π΄πΉπ‘π‘† πΏπ²π‘‹ πΊπ΄ π‘π΄π», π°π‘πΌ π‘…π»π¨π‘ πΈπ®π‘‹ π°π¶π©,"
c232e5fae,"23 ππ¬ π²π‘π»π­ π·π­, π‘…πΏπ‘‰π΄πΊπ‘† π°π‘πΌ π™π°π‘‰π®π‘…π¨π‘†, πΈπ®πΉπ¬πΏπ‘‰π®π»π‘…! π‘π«π‘‰ π·"
c241305d4,"6 ππ‘πΌ π‘„ π½π¨π‘ πΉπ‘‰π¨π‘…π»π‘… π»π³πΏ π‘„ π‘…π®π‘π‘‚π―π‘‰ πΉπ¨π‘…π―π‘†, π°π‘πΌ π‘…π―πΌ"
c298b2cb9,1 ππ‘πΌ π–π¨π‘†π²π‘… π‘…π»π³πΌ πΊπ¨π‘π¬π‘‰ π‘„ π‘€π²π‘‚π―π‘‰π‘π²π‘‰: π°π‘πΌ π‘„ π‘€π²π‘‚=
c32f05d80,"39 πƒπ‘‰ πΈπ¶π―π‘ π‘…π« π¶π¨ π‘„ π‘…π®πΏ, π«π‘‰ π®π‘ πΉπ‘‰π®π‘†π‘, π°π‘πΌ πΏπ©π‘‹ π²π‘π»π­"
c3f323068,"39 π™π«π‘‰ π π‘…π© π²π‘π»π­ π·π­, π π‘‡π°π‘ π‘π±π» π‘…π¨ π‘‹π¨ πΈπ―π‘π‘…π‘π¬π‘‰π‘ƒ,"
c43c14c5c,"26 πΆπ΄πΏπ¶π΄π‘† π‘„ π‘…π―πΏπ²π‘πΌ π«π‘π‘…π¬, π°π‘πΌ π‘„ π‘ƒπ²π‘‰πΌ, π²π‘π»π­ π‘„"
c46b29d5d,36 ππ‘πΌ π‘…π®π»π®π‘ πΌπµπ‘ π‘„π© π¶π±π½π» πΈπ®π‘‹ π‘„π©π‘‰;
c4cdcb951,"π®π‘πΌ π®π» π¶π®π‘„ π‘‚π®π‘π¨π‘€π²π‘‰, π°π‘πΌ πΉπ³π» π®π» π±π‘ π π‘‰π¨πΌ, π°π‘πΌ π‘€π©π‘‚ πΈπ®π‘‹ π»π­ πΌπ‘‰π®π‘πΏ."
c4f74acc1,"π±π‘‚ π‘„π¨π‘† π‘‹π΄ πΊπ‘‰π―π‘„π‘‰π―π‘, π· πΈπ°π‘‚ πΌπ²π‘ π®π» π²π‘π»π­ π‘‹π¨."
c552e7b7d,"ππ‘πΌ π®π» πΏπ©π‘‹ π»π­ πΉππ‘…, πΈπ¶π―π‘ π–π¨π‘†π²π‘… πΈπ°πΌ π‘π®π‘π®π‘π» π«π‘ π‘„π¨π‘†"
c5735bd0c,"7 π™π«π‘‰ π‘π©π‘‡π²π‘ π‘‡π°π‘π‘‰π΄π‘† π°π‘€π―π‘π‘…π» π‘„π©π‘‡π²π‘, π°π‘πΌ πΏπ®π‘πΌπ²π‘‹ π°π‘€π―π»π‘…π» πΏπ®π‘‰πΌπ¬π‘‹"
c577041f1,"π‘π¨π‘… π²π‘π»π­ π‘„ πΉπ¨πΉπ‘ π πΉπ‘‰π®π‘†π‘π―π‘‰, πΈπ­π‘‹ π‘„π© π¶π³πΌ."
c61c438c8,"7 ππ‘πΌ π‘„π© π»π³πΏ πΏπµπ‘π‘…π―π‘, π°π‘πΌ πΊπ«π» π¶π®π‘„ π‘„π―π‘‹ π‘„ πΉπ±π»π―π‘‰π‘† π‘π¨π‘πΌ, π»π­"
c69fd951a,"2 π’π¨πΈπ¬π‘πΌ, π πΈπ°π‘‚ π»π¬π‘πΌ π·π­ πΊπ¨π‘π‘π‘‰."
c712bcb69,"27 ππ‘πΌ πΈπ¨ π»π³πΏ π‘„ πΏπ²πΉ, π°π‘πΌ π‘€π©π‘‚ π‘ƒπ°π‘πΏπ‘…, π°π‘πΌ π‘€π©π‘‚ π®π» π»π­"
c7fa8cc18,π π‘…π© π²π‘π»π­ πΈπ®π‘‹ π π‘…π²π‘ π±π‘‚ π© π‘‚π®πΌ.
c86b0b42f,"2 π‘π΄π‘π²π» π‘…π―π‘ƒ π²π‘π»π­ π‘„π―π‘‹, ππ¶π±π» π‘‡π°π‘ π πΌπ­ π‘„π―π‘ π¶π®π‘„"
c8baa33a7,"ππ‘πΌ π–π¨π‘†π²π‘… π¶π―π‘π» πµπ», π°π‘πΌ πΌπ¨πΉππ‘‰π»π―πΌ π‘π‘‰π±π‘‹ π‘„ π»π―π‘‹πΉπ‘:"
c97f5bc83,"14 π™π«π‘‰ π‘‹π―π‘π® ππ‘‰ πΏπ«π‘πΌ, πΊπ²π» π‘π®π­ ππ‘‰ π½π¬π‘†π‘."
c9ebcec82,9 ππ‘πΌ πΏπ«π‘ π‘π¬ π‘‹π°π‘ π·π­π‘‰ π‘ππ‘„π―π‘‰ π²πΉπ±π‘ π‘„ π²π‘‰π‘ƒ: π‘π«π‘‰ π¶π²π‘ π®π‘† π·π­π‘‰
ca8cdaf36,"πΊπ²π» ππ‘‰ π¶π®π‘„π®π‘ π‘π³π‘ π±π‘‚ πΌπ―πΌ π‘‹π―π‘'π‘„ πΊπ¬π‘π‘†, π°π‘πΌ π±π‘‚ π«π‘ π²π‘πΏπ‘π¨π‘π‘π―π‘…."
cac0b7f9b,π•ππ‘π“π‡π΅ XXV.
cb2b40bf9,"9 ππ―π‘ π‘‡π°π‘ π‘„π© πΌπ¨π‘π®π‘‚π―π‘‰ π·π­ π²πΉ π»π­ πΊ π°π‘π‘π®πΏπ»π―πΌ, π°π‘πΌ π‘‡π°π‘"
cb7edf30b,"π π‘…π© π²π‘π»π­ π·π­, ππ¨π‘‰ππ‘π»π―π‘‰ π‘‡π°π‘ π· π‘…π¨ π‘„ ππ²π‘ π±π‘‚ π‘‹π°π‘ π‘…π®π»π®π‘ π±π‘ π‘„ π‘‰π΄π» πΈπ°π‘πΌ"
cb9570061,"24 π™π«π‘‰ π‘„π©π‘‰ π‘‡π°π‘ π°π‘‰π΄π‘† π‘π«π‘π‘… π—π‘‰π΄π‘…π»π‘…, π°π‘πΌ π‘π«π‘π‘… πΉπ‘‰π±π‘π―π»π‘…,"
cc17a84b1,"π»π‘‰π©πΌπ―πΌ π¶π®π‘„ π‘„ π‘…π©π‘‹, π°π‘πΌ π‘‹π©πΌ π‘„π―π‘‹ π²π‘„π―π‘‰ π‘π΄π‘‚ π»π°π‘π―π‘π»π‘…."
cc388da17,"14 ππ‘πΌ π®π‘ π‘„π®π‘… πΏπ²π‘‹ π»π­ π‘„ πΏπ²π‘‚π―π‘‰π‘π²π‘‰'π‘† π¨π‘‰π‘†, π¶π¨ π¶π®π‘ πΉπ―π‘‰="
cc39b4149,"ππ―π‘‰π¬πΌπ®π²π‘π‘†, π‘…π©π®π‘, π£ππ‘…π»π―π‘‰, π¶π¨ π‘π¬ π‘„π°π» π‘„πµ ππ‘‰π» π»π‘‰π­, π°π‘πΌ π»π¨π½π―π‘…,"
cc88c54cd,π¶π¬ π²π‘π»π­ π‘„π°π» π‘‹π°π‘ πΊπ΄ πΈπ­π‘‹ π‘„ ππ²π‘ π±π‘‚ π‘‹π°π‘ π®π‘† πΊπ¨π»π‘‰π©πΌ! π®π» πΈπ°πΌ πΊπ®π‘ π‘€π³πΌ
ccb3c1530," ππ© π‘„π°π» π¶π²π‘‰ π‘π­π‘π®π¬ π»π³πΏ π‘„π©π‘‰ π‘π°π‘‹πΉπ‘…, π°π‘πΌ π»π³πΏ π‘π¬ π±π®π‘ π¶π®π‘„"
cdd374be3,π‘π±π» πΈπ°π‘‚ πΊπ®π‘ πΉπ²π‘‰π»π©πΏπ―π‘‰π‘† π¶π®π‘„ π‘„π―π‘‹ π®π‘ π‘„ πΊπ‘π²πΌ π±π‘‚ π‘„ πΉπ‘‰π±π‘π―π»π‘….
cdf3aae27,"π™ππ‘„π―π‘‰, πΈπ¶π®π½ π®π‘† π®π‘ πΈπ―π‘‚π‘."
cdf9a76e6,"π‘…π¶π©π‘‰ πΊπ΄ π‘„ π»π―π‘‹πΉπ‘, π®π» π®π‘† π‘π²π‘ƒπ®π‘; πΊπ²π» πΈπ­π‘…π¬π―π‘‚π―π‘‰ π‘‡π°π‘ π‘…π¶π©π‘‰ πΊπ΄ π‘„ π‘€π¬π‘πΌ"
cdfc375ac,"28 π™π«π‘‰ πΈπ¶π©π‘‰π‘…π¬π―π‘‚π―π‘‰ π‘„ πΏππ‘‰πΏπ―π‘… π®π‘†, π‘„π©π‘‰ π¶π®π‘ π‘„ π¨π‘€π‘π‘† πΊ"
ce5429f57,π»π­ π¨π» π°π‘πΌ πΌπ‘‰π®π‘πΏ π¶π®π‘„ π‘„ πΌπ‘‰π²π‘πΏπ‘;
cea7c984c,"5 π’π²π» π‘„π© π‘…π―πΌ, π±π» π±π‘ π‘„ π‘π¨π‘…π» πΌπ©, π‘π―π‘…π» π‘„π©π‘‰ πΊ π°π‘"
cf32a14ca,"13 ππ©π®π‘, ππ© π·, ππ®π‘† πΌπ®π‘…π΄πΉπ‘π‘† πΏπ©π‘‹ πΊπ΄ π‘π΄π», π°π‘πΌ π‘…π»π¬π‘ πΈπ®π‘‹"
d06dcd664,"π‘…π―πΌ, πΆπ«π‘‰πΌ, π π‘π®π­ π‘„ π‘„π°π» π‘„πµ ππ‘‰π» π πΈππ‘‰πΌ π‘‹π°π‘, π‘‰π¨πΉπ®π‘ πΈπ¶π©π‘‰ π‘„πµ"
d0cb10dd7,π‘„ π¶π―πΌπ®π‘ π¶π±π‘† π‘π²π‘‰π‘π®π‘‡π» π¶π®π‘„ π‘€π―π‘…π»π‘….
d108d8d7f,"π®π‘π»π­ π‘„ π‘…π®π»π®, π°π‘πΌ π‘‡π¬πΌ π²π‘π»π­ π‘„ π½π¨π‘ πΉπ‘‰π¨π‘…π»π‘… π«π‘ π‘„ π‘ƒπ®π‘π‘† π‘„π°π» π¶π²π‘‰ πΌπ²π‘."
d14e7fb27,"π„ π‘‹π΄ π™π¨π‘„π―π‘‰, π®π‘ π‘„π®π‘… πΏπ²π» π‘‹π© π‘π±π» πΉππ‘… π°π¶π‘† π‘π‘‰π±π‘‹ π‘‹π¨, π―πΏπ‘…π―πΉπ» π πΌπ‘‰π®π‘πΏ"
d1af9d5df,"π°π‘πΌ π‘…π»π¬π‘π―π‘…π» π‘„π―π‘‹ πΈπ¶π®π½ πΊπ‘‰ π‘…π―π‘π» π²π‘π»π­ π‘„, πΈπµ π±π‘π‘ π¶π³πΌ π πΈπ°π‘‚ π‘€π°π‘„π―π‘‰"
d1b094d1c,"33 ππ‘πΌ πΈπ¨ π‘‡π°π‘π‘…π―π» π‘„ π‘‡π¨πΉ π±π‘ πΈπ®π‘† π‘‰π΄π» πΈπ°π‘πΌ, πΊπ²π» π‘„"
d2ac33994,"π°π‘πΌπ―πΌ π·π­: π°π‘πΌ, π‘π¬, π π°π‘‹ π¶π®π‘„ π·π­ π«π‘π¶π©, π¨π‘‚π‘ π²π‘π»π­ π‘„ π―π‘πΌ π±π‘‚ π‘„"
d3012a0fb,π‘‰π΄π‘…π»; π°π‘πΌ π«π‘ π· ππ‘‰ πΊπ‘‰π―π‘„π‘‰π―π‘.
d35355a68,"4 π™π«π‘‰ π‘„ πΊπ΄π‘πΌ πΈπ―π‘‚π® πΊπ²π‘‰πΌπ‘π‘† π°π‘πΌ π‘€π‘‰π¨π‘‚π²π‘… π»π­ πΊ πΊπ¬π‘‰π‘, π°π‘πΌ"
d3610589d,π‘π¬ π‘‹π°π‘ πΌπ¨π‘…π¨π‘‚ π·π­.
d3e165cef,"21 ππ‘πΌ π°π‘† π‘„π© πΈπ®πΌ π¨π», πΈπ¨ π‘…π―πΌ, ππ‘‰π®π‘π® π π‘…π© π²π‘π»π­ π·π­, π‘„π°π» π¶π²π»"
d408476b7,4 π’π²π» π‘„ π¶π΄π‘† π»π³πΏ π±π®π‘ π®π‘ π‘„π©π‘‰ π‘‚π―π‘…π―π‘π‘† π¶π®π‘„ π‘„π©π‘‰ π‘π°π‘‹πΉπ‘….
d43d75c8b,11 π™π«π‘‰ π· πΈπ°π‘‚ π‘„ πΉπ­π‘‰ π«π‘π¶π©π‘† π¶π®π‘„ π·π­; πΊπ²π» π‘‹π¨ π· πΈπ°π‘‚
d45a14de6,π‘ƒπ®π‘πΏ π‘π±π» π‘„ ππ²π‘ π±π‘‚ π‘‹π°π‘ πΏπ²π‘‹π―π‘ƒ.
d557b0a48,"π‘„π©π‘‰ π‘‡π°π‘ π· π‘…π¨ πΈπ®π‘‹: π‘π¬, π πΈπ°π‘‚ π»π¬π‘πΌ π·π­."
d6121fd84,45 π¤πµ π‘π‘‰π±π‘‹ π‘„ π‘…π®πΏπ‘…π‘ƒ πµπ‘‰ π‘„π©π‘‰ π¶π±π‘† πΌππ‘‰πΏπ‘π―π‘… π¬π‘‚π―π‘‰
d65b14572,"πΌπ°π‘‹π‘†π―π‘ πΌπ©π‘‹ π²π‘π»π­ πΈπ®π‘‹, π‘…π©π®π‘, ππµ π«π‘π‘…π¬ π¶π±π‘…π» π¶π®π‘„ π–π¨π‘†π²π‘… π±π‘‚ ππ°π‘π‘."
d672602b1,π°π‘πΌ πΈπ®π‘† πΌπ®π‘…π΄πΉπ‘π‘† πΏπ©π‘‹ π»π­ πΈπ®π‘‹ π‘π«π‘‰ π»π­ π‘‡π¬ πΈπ®π‘‹ π‘„ πΊπ®π‘πΌπ®π‘π‘† π±π‘‚ π‘„ π»π―π‘‹πΉ
d6d9c7183,π£ππ‘…π»π―π‘‰π® π°π‘πΌ πΏπ®π‘…π» πΈπ®π‘‹.
d6fd71a9f,"πΈπ®π‘† πΈπ°π‘πΌπ‘†, πΊπ¨π‘π¬π‘‰π¨ π‘„ π‘‹π²π‘π»π®π»π®π­πΌ, π‘…π©π®π‘, π π°π‘‹ π®π‘π¬π‘…π―π‘π» π±π‘‚ π‘„"
d7259e55d,"π¶π―π‘π» π²π‘π»π­ π‘„ π½π¨π‘ πΉπ‘‰π¨π‘…π»π‘…,"
d75aeb3b2,π‘„ πΈπ―πΌ.
d7f17dff2,"30 ππ‘πΌ π‘…π©, π†π‘ π¶π¨ πΈπ°πΌ πΊπ®π‘ π®π‘ π‘„ πΌπ©π‘† π±π‘‚ πµπ‘‰ π‘ππ‘„π―π‘‰π‘†, π¶π¨ π¶π‘†"
d802b8739,"πΈπ¶π΄π‘ πΈπ¨ π¶π±π‘† π·π―π» π°π‘π΄π‘‚, π‚π‘π»π―π‘‰ π‘ƒπ‘‰π¨ πΌπ©π‘† π π¶π®π‘ π‘‰π΄π‘† π°π‘€π―π‘."
d825ab7e3,"π°π‘πΌ πΌπ¨πΉππ‘‰π»π―πΌ, π°π‘πΌ π¶π―π‘π» π°π‘πΌ πΈπ°π‘πΌ πΈπ®π‘‹π‘…π―π‘π‘."
d827ba9e8,"15 ππ¬ π²π‘π»π­ π·π­, π‘…πΏπ‘‰π΄πΊπ‘† π°π‘πΌ π™π°π‘‰π®π‘„π¨π‘†, πΈπ®πΉπ¬πΏπ®π»π‘…! π‘π«π‘‰ π· πΏπ²π‘‹"
d82ec488f,π‘…π‘‹π¬π» π‘„?
d862b195d,π·π­π‘π­π‘‰π®.
d872a5c32,"π°π‘πΌ πΊπ‘‰π«π» π²π‘„π―π‘‰ π‘π΄π‘‚ π»π°π‘π―π‘π»π‘…, π‘…π©π®π‘, πΆπ«π‘‰πΌ, π‘„πµ πΌπ¨π‘π®π‘‚π―π‘‰π―πΌπ‘…π» π²π‘π»π­"
d89c4d7ea,42 Β¶ ππ±π½ π‘„π©π‘‰π‘π¬π‘‰; π‘π«π‘‰ π· π‘π¬ π‘π±π» πΈπ¶π±π» ππ‘‰ π·π­π‘‰
d8b11e799,πΌπ―π‘ƒ.
d9e953674,"π‘„ π²π‘‰π‘ƒ: π‘π¬, π‘„π©π‘‰ π‘„πµ πΈπ°π‘…π» π‘„π°π» π®π‘† π‘„π΄π‘."
da15fc44a,"πΊπ±πΏπ‘… π±π‘‚ π‘‚π―π‘‰π® πΉπ‘‰π―π‘‡π²π‘… π±π®π‘π»π‘‹π―π‘π», π°π‘πΌ πΉπ¬π‘‰πΌ π®π» π±π‘ πΈπ®π‘† πΈπ―πΌ, π°π‘† πΈπ¨"
dab354327,"71 ππ‘πΌ πΈπ¶π―π‘ πΈπ¨ π¶π±π‘† π‘€π«π‘ πµπ» π®π‘π»π­ π‘„ πΉπ¬π‘‰π½, π°π‘π²π‘„π―π‘‰ π‘‹π©πΌ"
daef72210,πΉπ¬π‘‰π‘‡π²π‘ π¶π®π‘„ π‘„ πΈπ®πΉπ¬πΏπ‘‰π®π»π‘…: π‘„π©π‘‰ π‘‡π°π‘ πΊ π¶π¨πΉπ®π‘ π°π‘πΌ π‘π°π‘‡π®π‘ π±π‘‚ π»π¨π‘ƒ.
db944ca95,"41 Β¶ ππ¶π΄π‘ π‘„ π™π°π‘‰π®π‘…π¨π‘† π¶π²π‘‰ π‘€π°π‘„π―π‘‰πΌ π»π³π‘€π―π‘„π―π‘‰, π–π¨π‘†π²π‘…"
db9f11a9e,πΊπ±πΌπ®.
dbbbc6200,30 π™π«π‘‰ π®π‘ π‘„ π‘‰π―π‘†π²π‘‰π―πΏπ‘‡π²π‘ π‘„π© π‘π¨π‘„π―π‘‰ π‘‹π°π‘‰π®π‘‹ π‘π«π‘‰ ππ‘‰
dbbc52291,"π±π‘‚ π‘„ π‘π«, πΎπ²πΎπ‘‹π―π‘π», π‘‹π²π‘‰π‘…π®, π°π‘πΌ π‘π©π‘ƒ: π‘„π¨π‘† π«π» π· π»π­ πΈπ°π‘‚ πΌπ²π‘, π°π‘πΌ π‘π±π» π»π­ π¨π­"
dc0279b77,48 π’π²π» π°π‘πΌ π®π‘ π‘„π°π» π¨π‘‚π‘ π‘…π²π‘‰π‘‚π²π‘π» π‘‡π°π‘ π‘…π© π®π‘ πΈπ®π‘†
dc0de489f,38 ππ®π‘… π®π‘† π‘„ π‘π²π‘‰π‘…π» π°π‘πΌ π‘€π‘‰π©π» πΏπ²π‘‹π°π‘πΌπ‘‹π―π‘π».
dc773965a,"π±π‘‚ πΉπµπ‘‰, π°π‘πΌ πΏπ²π‘‹π®π‘ π®π‘ π‘„ πΏπ‘πµπΌπ‘† π±π‘‚ πΈπ―π‘‚π‘."
dd738a54a,π°π‘πΌ πΈπ¨ π‘‡π°π‘ πΉπ‘‰π―π‘†π―π‘π»π‘π® π‘€π®π‘‚ π‘‹π¨ π‘‹π¬π‘‰ π‘„π°π‘ π»π¶π―π‘π‘‚ π‘π¨πΎπ²π‘π‘† π±π‘‚ π©π‘πΎπ―π‘π‘†?
de446c3e8,19 ππ‘πΌ π‘„ πΌπ®π‘…π΄πΉπ‘π‘† πΌπ®πΌ π°π‘† π–π¨π‘†π²π‘… πΈπ°πΌ π°πΉπ±π®π‘π»π―πΌ
de5324c4f,πΏπ©π‘‹ π°π‘† πΌπ―πΌ π‘‹π―π‘.
ded423ff3,"πΊπ²π» πΈπ­π‘…π¬π―π‘‚π―π‘‰ π‘…π¶π©π‘‰π―π‘ƒ πΊπ΄ π‘„ π‘€π®π‘π» π‘„π°π» π®π‘† π²πΉπ±π‘ π®π», πΈπ¨ π®π‘† π‘€π®π‘π»π®."
df26e259a,"46 ππ‘πΌ π‘π¬ π‘‹π°π‘ π¶π±π‘† π©πΊπ‘ π»π­ π°π‘π‘…π―π‘‰ πΈπ®π‘‹ π π¶π²π‘‰πΌ, π‘π¨π‘„π―π‘‰"
df4d6f2d8,38 π’π²π» π‘π¨π»π―π‘‰ π‘π±π‘π¬πΌ πΈπ®π‘‹ π°π‘ππ‘‰ π±π‘ π²π‘π»π­ π‘„ πΈπ΄ πΉπ‘‰π¨π‘…π»π‘…
df69c3250,"π‘π±π» π·: π‘π«π‘‰ π π‘π¬ π‘„π°π» π· π‘…π¨πΏ π–π¨π‘†π²π‘…, πΈπ¶π®π½ π¶π±π‘† πΏπ‘‰π­π‘…π®π‘π΄πΌ."
e011b801b,π‘…π©π®π‘ π®π‘† πΏπ±π‘‹π²π‘π‘π® π‘‰π¨πΉπ¬π‘‰π»π―πΌ π°π‘‹π²π‘ π‘„ π–π®π­π‘† π²π‘π»π®π‘ π‘„π®π‘… πΌπ©.
e025b147a,π‘‡π°π‘ πΊ π‘…π©π‘‚πΌ.
e056e75c1,"π±π‘‚ π‘„ πΈπ΄ πΉπ‘‰π¨π‘…π»'π‘…, π°π‘πΌ π‘…π‘‹π¬π» π±π‘‚ πΈπ®π‘† π¨π‘‰."
e07f1cf1c,πΊπ΄ π‘π©π‘‹: πΈπ®π‘‹ π‘„π© πΏπ²π‘‹πΉπ―π‘πΌ π»π­ πΊπ©π‘‰ πΈπ®π‘† πΏπ‘‰π±π‘….
e0bf8aed6,"π‘π±π‘π¬πΌ π–π¨π‘†π²π‘… π‘π‘‰π±π‘‹ ππ°π‘π®π‘π¨, π‘‹π®π‘π®π‘…π»π―π‘‰π®π‘ π²π‘π»π­ πΈπ®π‘‹:"
e0e244bba,π•ππ‘π“π‡π΅ XXII.
e136174c0,π®π‘ πΈπ®π‘„π―π‘‰ π‘π±π» πΈπ°π‘‚π®π‘ π π¶π―πΌπ®π‘ π‘€ππ‘‰π‘‹π―π‘π»? ππ‘πΌ πΈπ¨ π¶π±π‘† π‘…πΉπ¨π½π‘π―π‘…
e1a21126c,"π°π‘πΌ πΌπ­; πΊπ²π» πΌπ­ π‘π±π» π· ππ‘π»π¨π‘‰ π‘„π©π‘‰ π¶π²π‘‰πΏπ‘…: π‘π«π‘‰ π‘„π© π‘…π©, π°π‘πΌ πΌπ­ π‘π±π»."
e1a6ea629,"12 π’π²π» πΈπ¨ π°π‘π‘…π―π‘‰πΌ π°π‘πΌ π‘…π―πΌ, ππ―π‘‰π®π‘π® π π‘…π© π²π‘π»π­ π·π­, π"
e1ef6fb03,"8 ππ¶π©π‘‰π‘π¬π‘‰ π‘„π°π» π‘π¨π‘πΌ π¶π±π‘† πΏπ«π‘πΌ, π π‘π¨π‘πΌ π±π‘‚ πΊπ‘π²πΌ, π²π‘π»π­"
e20f24520,"π‘…π®π‘π‘… π‘„ πΊπ¨π‘€π®π‘π®π‘ π±π‘‚ π‘„ π¶π²π‘‰π‘πΌ π»π­ π‘„π®π‘… π»π΄π‘‹, π‘π¬, π‘π«π‘‰ π―π‘‚π―π‘‰ π‘‡π°π‘ πΊ."
e27873651,π‘…π¬π‘‰πΌ π®π‘π»π­ πΈπ®π‘† πΉπ‘π©π‘…: π‘π«π‘‰ π«π‘ π‘„π© π‘„π°π» π»π©πΏ π‘„ π‘…π¬π‘‰πΌ π‘‡π°π‘ πΉπ―π‘‰π®π‘‡
e2a395eac,"37 π„ π–π¨π‘‰π­π‘…π°π‘π―π‘‹, π–π¨π‘‰π­π‘…π°π‘π―π‘‹, π‘„πµ π‘„π°π» πΏπ®π‘π―π‘…π» π‘„ πΉπ‘‰π±π‘π―π»="
e2da6bd59,π–π¨π‘†π²π‘… π±π‘‚ π¤π°π‘†π°π‘‰π―π‘ƒ.
e2e3ccfb8,π¶π²π‘‰ π°π‘…π―π‘‹πΊπ‘πΌ.
e388053bf,"35 ππ―π‘ π¶π²π‘ π±π‘‚ π‘„π―π‘‹, πΈπ¶π®π½ π¶π±π‘† π π‘π«π·π―π‘‰, ππ‘…πΏ"
e407b4001,"6 ππ¬ π‘„π© π¶π―π‘π», π°π‘πΌ π‘‹π©πΌ π‘„ π‘…π―πΉπ²π‘πΏπ―π‘‰ π‘‡π­π‘‰, π‘…π¨π‘π®π‘ π‘„ π‘…π»π¬π‘,"
e4c4d9025,"13 ππ―π‘‰π®π‘π® π π‘…π© π²π‘π»π­ π·π­, ππ¶π©π‘‰π‘…π¬π―π‘‚π―π‘‰ π‘„π®π‘… π‘€π±π‘…πΉπ―π‘ π‘‡π°π‘."
e523fbbed,"10 ππ‘πΌ πΈπ¶π΄π‘ π‘„π© π¶π―π‘π» π»π­ πΊπ΄, π‘„ πΊπ‘‰π΄πΌπ‘€π‘‰π­π‘‹ πΏπ©π‘‹;"
e59873f06,"10 ππ‘πΌ π‘€π©π‘‚ π‘„π―π‘‹ π‘π«π‘‰ π‘„ πΉπ±π»π―π‘‰π‘†π‘„ π‘π¨π‘πΌ, π°π‘† π‘„ πΆπ«π‘‰πΌ π°πΉπ±π®π‘"
e65a9acf0,"π‘‡π°π‘ π‘…π―πΉπ°π‘‰π©π» π‘„π―π‘‹ π¶π²π‘ π‘π‘‰π±π‘‹ π°π‘π²π‘„π―π‘‰, π°π‘† π π‘‡π―πΉπ―π‘‰πΌ πΌπ®π‘‚π΄πΌπ―π‘ƒ πΈπ®π‘†"
e6df478b4,"π‘…π© π‘„π°π» π‘„π©π‘‰ π®π‘† π‘π¬ π»π―π‘†π²π‘‰π―πΏπ‘‡π²π‘, π°π‘πΌ ππ‘…πΏπ» πΈπ®π‘‹,"
e7d5fc52c,24 Β¶ ππ¶π―π‘ π‘π΄π‘π²π» π‘…π« π‘„π°π» πΈπ¨ πΏπ³πΌ πΉπ‘‰π¨π‘‚π©π‘ π‘π²π‘‰π¬πΌ
e86b4e809,"πΌπ―πΌ, πΊπ²π» π±π‘‚ π‘„ π‘π®π‘‚π®π‘."
e8b4781d4,"42 π™π«π‘‰ π π¶π±π‘† π πΈπ²π‘π‘€π―π‘‰πΌ, π°π‘πΌ π· π‘€π©π‘‚ π‘‹π¨ π‘π¬ π‘‹π¨π»:"
e930d3836,"π―π‘πΌπ―π‘‰π‘†, πΈπ¨ π°π‘π‘…π―π‘‰πΌ π‘π²π‘π®π‘."
e941bcafd,"πµπ» π®π‘ π‘„ π‘‰π±πΏ: π°π‘πΌ πΈπ¨ π‘‰π¬π‘πΌ π π‘€π‘‰π©π» π‘…π»π¬π‘ π»π­ π‘„ πΌπ¬π‘‰ π±π‘‚ π‘„ π‘…π―πΉπ²π‘πΏπ―π‘‰,"
e9522bd96,π‘„ π‘‹π°π‘. ππ‘πΌ π®π‘‹π¨πΌπ®π―π»π‘π® π‘„ πΏπ±πΏ πΏπ‘‰π®π­.
e9890eeab,"π°π‘πΌ π‘π―π‘‰π‘π» πΈπ®π‘‹, π°π‘πΌ π¶π―π‘π» π‘„π©π‘‰ π¶π©."
e9e25064d,"9 π’π²π» π‘„ π¶π΄π‘† π°π‘π‘…π―π‘‰πΌ π‘…π©π®π‘, π¤π±π» π‘…π¬; π‘π―π‘…π» π‘„π©π‘‰ πΊ π‘π±π»"
ea412a0dc,π‘πµ π· πΈπ°π‘‚ πΈπ²π‘‰πΌ πΈπ®π‘† πΊπ‘π°π‘…π‘π¨π‘‹π®
ea7e4ff7a,22 ππ¨ π«π‘π‘…π¬ π‘„π°π» πΈπ°πΌ π‘‰π¨π‘…π¨π‘‚πΌ π»π­ π»π°π‘π―π‘π»π‘… πΏπ©π‘‹ π°π‘πΌ
ea9ed7ce8,8 πƒπ‘ π‘„π¨π‘† ππ‘‰ π‘„ πΊπ¨π‘€π®π‘π®π‘ π±π‘‚ π‘…π±π‘‰π¬π‘†.
eb4a22b8f,"33 π π‘…π²π‘‰πΉπ―π‘π»π‘…, π· πΎπ―π‘π―π‘‰π©π‘‡π²π‘ π±π‘‚ π‘‚π΄πΉπ―π‘‰π‘†, πΈπµ πΏπ°π‘ π·"
eb6a4c4c1,"64 π–π¨π‘†π²π‘… π‘…π―π‘ƒ π²π‘π»π­ πΈπ®π‘‹, ππµ πΈπ°π‘…π» π‘…π―πΌ: π‘π―π‘‚π―π‘‰π‘„π¨π‘π―π‘…"
eb7edd993,π‘„ π²π‘„π―π‘‰ π²π‘πΌπ²π‘.
eb911dfc6,πΈπ¨ π‘…π« π‘„π©π‘‰ π π‘‹π°π‘ πΈπ¶π®π½ πΈπ°πΌ π‘π±π» π±π‘ π π¶π―πΌπ®π‘ π‘€ππ‘‰π‘‹π―π‘π»:
ebcb9fde8,"10 ππ‘πΌ π‘„π―π‘ π‘‡π°π‘ π‘‹π―π‘π® πΊ π²π‘π―π‘πΌπ―πΌ, π°π‘πΌ π‘‡π°π‘ πΊπ¨π»π‘‰π© π¶π²π‘"
ebe40bda0,"18 ππ‘πΌ, ππ­π‘…π¬π―π‘‚π―π‘‰ π‘‡π°π‘ π‘…π¶π©π‘‰ πΊπ΄ π‘„ π«π‘π»π²π‘‰, π®π» π®π‘† π‘π²π‘ƒπ®π‘;"
ec0ae7fc9,14 ππ‘πΌ πΈπ¨ π°π‘π‘…π―π‘‰πΌ πΈπ®π‘‹ π»π­ π‘π―π‘‚π―π‘‰ π π¶π²π‘‰πΌ; π®π‘π‘…π¬π‘‹π²π½
ec1f1de9b,"π‘π® π π‘…π© π²π‘π»π­ π·π­, π†π‘π°π‘†π‘‹π²π½ π°π‘† π· πΈπ°π‘‚ πΌπ²π‘ π®π» π²π‘π»π­ π¶π²π‘ π±π‘‚ π‘„ π‘π¨π‘…π»"
ecdc38ed4,"1 ππ‘πΌ, πΊπ¨πΈπ¬π‘πΌ, π‘„ π‘‚π©π‘ π±π‘‚ π‘„ π»π―π‘‹πΉπ‘ π¶π±π‘† π‘‰π―π‘π» π®π‘ π»π¶π©π‘ π‘π‘‰π±π‘‹"
ecdfd852f,"44 ππ―π‘ π‘‡π°π‘ π‘„π© π«π‘π‘…π¬ π°π‘π‘…π―π‘‰ πΈπ®π‘‹, π‘…π©π®π‘, πΆπ«π‘‰πΌ, πΈπ¶π―π‘"
edb682319,ππ―π‘ π‘π΄π‘π²π» πΏπ²π‘‹π°π‘πΌπ―πΌ π‘„ πΊπ±πΌπ® π»π­ πΊ πΌπ¨π‘π®π‘‚π―π‘‰πΌ.
edb96f190,"42 ππ¨ π¶π―π‘π» π°π¶π© π°π‘€π―π‘ π‘„ π‘…π―πΏπ²π‘πΌ π»π΄π‘‹, π°π‘πΌ πΉπ‘‰π©πΌ, π‘…π©π®π‘,"
ee1be87e5,"81 ππ‘πΌ π‘…π―πΌ, ππ®π‘… π‘π―π‘π¬ π‘…π―πΌ, π π°π‘‹ π©πΊπ‘ π»π­ πΌπ¨π‘…π»π‘‰π±π® π‘„"
ee509152c,π¶π²π‘‰π‘‡π®πΉπ» πΈπ®π‘‹.
ee864c41e,"38 π’π¨πΈπ¬π‘πΌ, π‘„π­π‘‰ πΈπµπ‘… π®π‘† π‘π―π‘π» π²π‘π»π­ π·π­ πΌπ―π‘…π¬π‘π©π»."
eeb1141d5,"11 Β¶ π¤πµ πΈπ¶π―π‘ π‘„π© π¶π²π‘‰ π‘€π¬π®π‘, πΊπ¨πΈπ¬π‘πΌ, π‘…π²π‘‹ π±π‘‚ π‘„ π¶π±π½ πΏπ©π‘‹"
eebe6efb1,"π·π‘π±π» π‘‰π―πΌ π‘„π°π» πΈπ¶π®π½ π¶π±π‘† π‘…πΉπ¬πΏπ‘ π²π‘π»π­ π·π­ πΊπ΄ ππ±πΌ, π‘…π©π®π‘,"
eede6ca34,"π¶π΄π‘ π‘…π―π‘π» π²π‘π»π­ πΈπ®π‘‹, π‘…π©π®π‘, ππ°π‘‚ π‘„πµ π‘π²π‘ƒπ®π‘ π»π­ πΌπ­ π¶π®π‘„ π‘„π°π» πΎπ²π‘…π» π‘‹π°π‘?"
ef5848b98,π‘€π¬π»π‘… π±π‘ π‘„ π‘π―π‘π».
ef71064a2,"π‘‹π¨: π‘π¨π‘‚π―π‘‰π‘„π¨π‘π―π‘… π‘π±π» π°π‘† π π¶π®π‘, πΊπ²π» π°π‘† π‘„πµ π¶π®π‘π»."
ef98fa1f9,π π‘‹πµπ‘π»π®π‘ πΈπ¶π©π‘‰ π–π¨π‘†π²π‘… πΈπ°πΌ π°πΉπ±π®π‘π»π―πΌ π‘„π―π‘‹.
efab021f6,41 π“π­ π¶π®π‘‹π®π‘ π‘‡π°π‘ πΊ π‘€π‘‰π΄π‘πΌπ®π‘ π°π» π‘„ π‘‹π®π‘; π‘„ π¶π²π‘ π‘‡π°π‘ πΊ
efb6e310d,"πΊ πΉπ‘‰π¨π½π» π®π‘ π‘„ πΈπ¬π‘ π¶π²π‘‰π‘πΌ, π‘„π©π‘‰ π‘‡π°π‘ π«π‘π‘…π¬ π‘„π®π‘…, π‘„π°π» π‘„π®π‘… π¶π³π‘‹π²π‘ πΈπ°π‘ƒ"
efc72353c,"π‘„π© π‘‹π©πΏ πΊπ‘‰π«πΌ π‘„π©π‘‰ π‘π®π‘π°πΏπ»π―π‘‰π®π‘†, π°π‘πΌ π―π‘π‘ππ‘‰π» π‘„ πΊπ«π‘‰πΌπ―π‘‰π‘† π±π‘‚ π‘„π©π‘‰ π‘€ππ‘‰π‘‹π―π‘π»π‘…"
f02686787,"34 π–π¨π‘†π²π‘… π‘…π―πΌ π²π‘π»π­ πΈπ®π‘‹, ππ―π‘‰π®π‘π® π π‘…π© π²π‘π»π­ π‘„, ππ°π» π‘„π®π‘… π‘π΄"
f0665d132,"π±π‘ π‘πµ, π°π‘πΌ π»π©πΏ π·π­π‘‰ π‘‰π―π‘…π»: πΊπ¨πΈπ¬π‘πΌ, π‘„ πµπ‘‰ π®π‘† π°π» πΈπ°π‘πΌ, π°π‘πΌ π‘„ ππ²π‘ π±π‘‚ π‘‹π°π‘"
f09212370,"πΎπ―π‘ π±π‘‚ π‘„ πΆπ«π‘‰πΌ πΌπ¨π‘…π―π‘πΌπ―πΌ π‘π‘‰π±π‘‹ πΈπ―π‘‚π‘, π°π‘πΌ πΏπ©π‘‹ π°π‘πΌ π‘‰π¬π‘πΌ πΊπ°πΏ"
f0abe5573,"π±π‘‚ π–π©π‘‹π‘† π°π‘πΌ π–π²π‘…π¨π‘†, π°π‘πΌ π‘„ π‘‹π²π‘„π―π‘‰ π±π‘‚ ππ―πΊπ¨πΌπ¨'π‘† π½π®π‘πΌπ‘‰π―π‘."
f15b3d452,"24 π¤πµ πΈπ¶π―π‘ π‘„ π‘…π―π‘π»π®π­π‘‰π®π²π‘, π°π‘πΌ π‘„π© π‘„π°π» π¶π²π‘‰ π¶π®π‘„ πΈπ®π‘‹,-"
f1bc52d27,π‘„π© π‘‹π΄π» π―π‘π»π°π‘π‘€π‘ πΈπ®π‘‹ π®π‘ πΈπ®π‘† π»π«πΏ.
f1e6527a5,π°π‘πΌ π‘…π»π‘‰π©π»π¶π© π»π³πΏ πΈπ®π‘† π‘π²π‘‰π‘π®.
f2084df89,"65 ππ¨ π®π‘† π‘π±π» πΈπ¨π‘‰: π‘π«π‘‰ πΈπ¨ π®π‘† π‘‰π®π‘†π‘, π°π‘† πΈπ¨ π‘…π―πΌ. π—π²="
f214c2880,π¶π®π‘„ π¶π²π‘ π±π‘‚ π‘„π©π‘‰ π‘π®π‘π‘€π―π‘‰π‘†.
f2850ba15,"πΉπ© π»π΄π‘„ π±π‘‚ π‘‹π®π‘π» π°π‘πΌ π°π‘π®π‘… π°π‘πΌ πΏπ²π‘‹π®π‘, π°π‘πΌ πΈπ°π‘‚ π¬π‘‹π®π»π―πΌ π‘„ π¶π©π»π®π―π‘‰ π‘‹π°π»π―π‘‰π‘,"
f2eb11c07,"6 ππ‘πΌ π‘π²π‘‚ π‘„ π²πΉπ―π‘‰π‘‹π¬π‘…π» π‘‰π­π¨π‘† π°π» π‘π¨π‘…π»π‘…, π°π‘πΌ π‘„ π½π¨π‘ π‘…π¨π»π‘… π®π‘"
f41ac6058,π«π‘‰ π‘„π©π‘‰; πΊπ¨π‘π¨π‘‚ π®π» π‘π±π».
f577cc161,"πΊ π²π‘π―π‘πΌπ―πΌ πΊπ¨πΏπ«π‘† π±π‘‚ π‘„, π·π―π» π¶π®π‘ π π‘π―π‘‚π―π‘‰ πΊ π²π‘π―π‘πΌπ―πΌ."
f57ca4bdc,"2 ππ‘πΌ π‘„ πΈπ΄ πΉπ‘‰π¨π‘…π» π°π‘‰π¬π‘†, π°π‘πΌ π‘…π―πΌ π²π‘π»π­ πΈπ®π‘‹, ππ‘π‘…π―π‘‰π―π‘…π»"
f58809c72,πΌπ¨π‘…π¨π‘‚ π‘‹π―π‘π®.
f62ac633e,"2 ππ‘πΌ π‘π΄π‘‚ π±π‘‚ π‘„π―π‘‹ π¶π²π‘‰ π¶π΄π‘†, π°π‘πΌ π‘π΄π‘‚ π¶π²π‘‰ π‘π­π‘π®π‘‡."
f653c1c21,"π®π‘† π»π­ π‘…π©, π£π΄ ππ±πΌ, π‘‹π΄ ππ±πΌ, πΈπ¶π΄ πΈπ°π‘…π» π‘„πµ π‘π²π‘‰π‘…πΏπ‘ π‘‹π¨?"
f70098004,5 π†π‘ π‘„π°π» π‘…π©π‘‹ πµπ‘‰ π‘…π―πΌ π–π¨π‘†π²π‘… π»π­ π‘„ π‘‹π²π‘π»π®π»π®π­πΌπ‘†
f7316b97f,"π±π‘‚ ππ΄π‘‹π²π‘ π‘„ π‘π―πΉπ―π‘‰,"
f748a990d,"40 ππ‘πΌ π‘„ π—π®π‘ π‘‡π°π‘ π°π‘π‘…π―π‘‰ π°π‘π‘„πΌ π‘…π© π²π‘π»π­ π‘„π―π‘‹, ππ―π‘‰π®"
f808ede8b,"44 ππ‘πΌ πΈπ¨ π‘π―π‘π» π‘„π―π‘‹, π°π‘πΌ π¶π―π‘π» π°π¶π© π°π‘€π―π‘, π°π‘πΌ πΉπ‘‰π©πΌ π‘„"
f81149d8a,"π‘‹π―π‘, π°π‘πΌ π‘…πΏπ‘‰π΄πΊπ‘†: π°π‘πΌ π‘…π²π‘‹ π±π‘‚ π‘„π―π‘‹ π· π‘‡π°π‘ πΏπ®π‘ π°π‘πΌ πΏπ‘‰π­π‘…π®π‘π΄; π°π‘πΌ"
f82193ba4,17 πΆπ―π» πΈπ®π‘‹ πΈπ¶π®π½ π®π‘† π±π‘ π‘„ πΈπµπ‘… π»π±πΉ π‘π±π» πΏπ²π‘‹ πΌπµπ‘ π»π­
f84c972e2,π°π‘πΌ π‘€π‘‰π©π» πΎπ±π®; π°π‘πΌ πΌπ®πΌ π‘‰π²π‘ π»π­ πΊπ‘‰π®π‘ πΈπ®π‘† πΌπ®π‘…π΄πΉπ‘π‘† π¶π²π‘‰πΌ.
f879a33c2,20 π’π²π» π‘„ π½π¨π‘ πΉπ‘‰π¨π‘…π»π‘… π°π‘πΌ π―π‘πΌπ―π‘‰π‘† πΉπ―π‘‰π‘…π¶π©πΌπ―πΌ π‘„ π‘‹π²π‘π»π®
f89a07eba,"2 ππ‘πΌ π–π¨π‘†π²π‘… π‘…π―πΌπ²π‘π»π­ π‘„π―π‘‹, ππ¨ π· π‘π±π» π«π‘ π‘„π¨π‘† π‘ƒπ®π‘π‘†? π–π―π‘‰"
f89afb9f9,π°π‘πΌ π‘‰π―πΏπ²π‘π―π‘ƒ π¶π®π‘„ π‘„π―π‘‹.
f89bc2253,"4 ππ‘πΌ π‘π«π‘‰ π‘π¨π‘‰ π±π‘‚ πΈπ®π‘‹ π‘„ πΏπ¨πΉπ―π‘‰π‘† πΌπ®πΌ π‘‡π©πΏ, π°π‘πΌ πΊπ¨="
f8bb6fc59,"15 ππ‘πΌ π‘…π―πΌ π²π‘π»π­ π‘„π―π‘‹, ππ¶π±π» π¶π®π‘ π· π‘€π®π‘‚ π‘‹π¨, π°π‘πΌ π π¶π®π‘ πΌπ¨."
f8e06e3fe,"22 ππ‘πΌ π‘„π© π¶π²π‘‰π―πΏπ‘…π¨πΌπ®π‘ π‘…π±π‘‰π¬πΌπ‘ƒ, π°π‘πΌ πΊπ¨π‘€π°π‘π―π‘‚π―π‘‰π® π¶π²π‘ π±π‘‚"
f908464af,"π°π‘πΌ πΈπ¨ π‘…π―π‘π» π‘π¬π‘‰π‘ƒ πΈπ®π‘† ππ‘‰π‘‹π®π‘†, π°π‘πΌ πΌπ¨π‘…π»π‘‰π±π®πΌ π‘„π¬π‘† π‘‹π²π‘‰πΌπ―π‘‰π―π‘‰π‘†, π°π‘πΌ πΊπ²π‘‰π‘="
f9356e5c7,πΈπ¶π‘…π‘‰π®π‘ π‘„ ππ²π‘ π±π‘‚ π‘‹π°π‘ πΏπ²π‘‹π―π‘ƒ.
f9c980893,"25 ππ―π‘ π–π®π­πΌπ²π‘…, πΈπ¶π®π½ πΊπ¨π»π‘‰π©πΌ πΈπ®π‘‹, π°π‘π‘…π―π‘‰πΌ π°π‘πΌπ‘…π―πΌ,"
f9ca64dbc,18 π™π«π‘‰ πΈπ¨ π‘π®π­ π‘„π°π» π‘π«π‘‰ π―π‘π‘‚π® π‘„π© πΈπ°πΌ πΌπ¨π‘π®π‘‚π―π‘‰πΌ πΈπ®π‘‹.
f9d753076,3 π’π²π» π–π¨π‘†π²π‘… πΈπ―π‘πΌ πΈπ®π‘† πΉπ¨π‘…. ππ‘πΌ π‘„ πΈπ΄ πΉπ‘‰π¨π‘…π» π°π‘π‘…π―π‘‰πΌ
f9ec24a99,"12 ππ‘πΌ πΈπ¨ π‘…π―π‘ƒ π²π‘π»π­ πΈπ®π‘‹, π™π‘‰π―π‘πΌ, πΈπµ πΏπ©π‘‹π―π‘…π» π‘„πµ"
fa9ce90f0,"π‘‹π¨ π®π‘ π‘„ πΌπ®π‘‡, π‘„ π‘…π©π‘‹ π‘‡π°π‘ πΊπ¨π»π‘‰π© π‘‹π¨."
faac88f0b,"21 π™π«π‘‰ π‘„π―π‘ π‘‡π°π‘πΊ π‘€π‘‰π©π» π»π‘‰π®πΊπ·π®π­ π‘π©π‘‡π²π‘, π‘…π²π½ π°π‘† π¶π±π‘† π‘π±π»"
faf9f737f,πΆπ«π‘‰πΌ πΌπ²π‘ƒ πΏπ²π‘‹.
fbdb1ab0e,"π»π­ π‘€π®π‘‚ π»π‘‰π‘‰πΊπ®π­π» π»π­ π²π‘π»π­ ππ¨π‘†π²π‘‰, π«π‘‰ π‘π±π»?"
fd0920b3f,"π‘„ πΉπ‘‰π±π‘π―π», π‘…π©π®π‘, ππ‘πΌ π‘„π© π»π³πΏ π‘„ π‘ƒπ²π‘‰π»π® πΉπ¨π‘…π―π‘† π±π‘‚ π‘…π®π‘π‘‚π―π‘‰, π‘„ πΉπ‘‰π΄π‘…"
fd6beca7b,"π®π‘π‘†, πΈπ¶π®π½ π»π³πΏ π‘„π©π‘‰ π‘π°π‘‹πΉπ‘…, π°π‘πΌ π¶π―π‘π» π‘π¬π‘‰π‘ƒ π»π­ π‘‹π¨π» π‘„ πΊπ‘‰π΄πΌπ­π‘‰π­π‘‹."
ff2f6ea70,"17 π π‘π­π‘π‘† π°π‘πΌ πΊπ‘π΄π‘πΌ: π‘π«π‘‰ πΈπ¶π―π‘„π―π‘‰ π®π‘† π‘€π‘‰π©π»π―π‘‰, π‘„ π‘€π¬π‘πΌ,"
ff3380171,"π‘…π©π®π‘, π€π‘π, π€πΆ, πΆπ‘‚ π£π ππ π’π πΏπ› π π¤π? π‘„π°π»"
ff5b541ce,"π―π‘‰π―π‘‰ π π‘‡π°π‘ πΏπ®π‘…, π‘„π°π» π‘…π©π‘‹ π®π‘† πΈπ¨: πΈπ¬π‘πΌ πΈπ®π‘‹ π‘ππ‘…π»."
ffb767794,π‘„π―π‘‹:
